{"credit":"Made with Blockbench","texture_size":[64,64],"textures":{"0":"lunar_studios:enderkariz/forest_god/forest_god_helmet","particle":"lunar_studios:enderkariz/forest_god/forest_god_helmet"},"elements":[{"from":[4,-1.5,2.6],"to":[7,0.5,2.6],"rotation":{"angle":0,"axis":"y","origin":[0,1.5,0.1]},"faces":{"north":{"uv":[1,2.75,1.75,3.25],"texture":"#0"},"east":{"uv":[0,0,0,0.5],"texture":"#missing"},"south":{"uv":[1.75,2.75,1,3.25],"texture":"#0"},"west":{"uv":[0,0,0,0.5],"texture":"#missing"},"up":{"uv":[0,0,0.75,0],"texture":"#missing"},"down":{"uv":[0,0,0.75,0],"texture":"#missing"}}},{"from":[3,0,3],"to":[13,10,13],"faces":{"north":{"uv":[0,0,2.5,2.5],"texture":"#0"},"east":{"uv":[2,2.75,4.5,5.25],"texture":"#0"},"south":{"uv":[5.5,0,8,2.5],"texture":"#0"},"west":{"uv":[4.5,2.75,2,5.25],"texture":"#0"},"up":{"uv":[2.75,0,5.25,2.5],"texture":"#0"},"down":{"uv":[1.25,1.25,1.5,1.5],"texture":"#0"}}},{"from":[4,4,2],"to":[6,6,8],"rotation":{"angle":22.5,"axis":"z","origin":[0,0,0]},"faces":{"north":{"uv":[0.75,4.75,1.25,5.25],"rotation":90,"texture":"#0"},"east":{"uv":[2.25,6,0.75,5.5],"texture":"#0"},"south":{"uv":[2,5.5,2.25,5.75],"rotation":90,"texture":"#0"},"west":{"uv":[0.75,5.5,2.25,6],"texture":"#0"},"up":{"uv":[0.75,6,2.25,5.5],"rotation":90,"texture":"#0"},"down":{"uv":[2.25,5.5,0.75,6],"rotation":90,"texture":"#0"}}},{"from":[3.75,3.75,1.75],"to":[6.25,6.25,8.25],"rotation":{"angle":22.5,"axis":"z","origin":[0,0,0]},"faces":{"north":{"uv":[15.5,15.5,16,16],"rotation":90,"texture":"#0"},"east":{"uv":[5,6,3.5,5.5],"texture":"#0"},"south":{"uv":[15.75,15.75,16,16],"rotation":90,"texture":"#0"},"west":{"uv":[3.5,5.5,5,6],"texture":"#0"},"up":{"uv":[3.5,6,5,5.5],"rotation":90,"texture":"#0"},"down":{"uv":[5,5.5,3.5,6],"rotation":90,"texture":"#0"}}},{"from":[9.75,3.75,1.75],"to":[12.25,6.25,8.25],"rotation":{"angle":-22.5,"axis":"z","origin":[16,0,0]},"faces":{"north":{"uv":[15.5,16,16,15.5],"rotation":90,"texture":"#0"},"east":{"uv":[5,5.5,3.5,6],"texture":"#0"},"south":{"uv":[15.75,16,16,15.75],"rotation":90,"texture":"#0"},"west":{"uv":[3.5,6,5,5.5],"texture":"#0"},"up":{"uv":[3.5,5.5,5,6],"rotation":90,"texture":"#0"},"down":{"uv":[5,6,3.5,5.5],"rotation":90,"texture":"#0"}}},{"from":[1.69055,5.42687,8],"to":[3.69055,10.42687,10],"rotation":{"angle":22.5,"axis":"z","origin":[2.43196,6.51863,5]},"faces":{"north":{"uv":[0.5,6.75,0,8],"texture":"#0"},"east":{"uv":[0,6.75,0.5,8],"texture":"#0"},"south":{"uv":[0.5,6.75,0,8],"texture":"#0"},"west":{"uv":[0,6.75,0.5,8],"texture":"#0"},"up":{"uv":[0.75,4.75,1.25,5.25],"rotation":90,"texture":"#0"},"down":{"uv":[2,5.5,2.25,5.75],"rotation":90,"texture":"#0"}}},{"from":[1.19055,10.42687,7],"to":[4.19055,11.42687,11],"rotation":{"angle":22.5,"axis":"z","origin":[2.43196,6.51863,5]},"faces":{"north":{"uv":[0.75,6.25,1.5,6.5],"texture":"#0"},"east":{"uv":[1.25,6.25,1.5,7.25],"rotation":90,"texture":"#0"},"south":{"uv":[0.75,7,1.5,7.25],"texture":"#0"},"west":{"uv":[0.75,7.25,1,6.25],"rotation":90,"texture":"#0"},"up":{"uv":[0.75,6.25,1.5,7.25],"texture":"#0"},"down":{"uv":[0.75,7.25,1.5,6.25],"texture":"#0"}}},{"from":[2.69055,9.42687,3],"to":[2.69055,17.42687,14],"rotation":{"angle":22.5,"axis":"z","origin":[2.43196,6.51863,5]},"faces":{"north":{"uv":[0,0,0,2],"texture":"#missing"},"east":{"uv":[4.5,6.5,1.75,8.5],"texture":"#0"},"south":{"uv":[0,0,0,2],"texture":"#missing"},"west":{"uv":[1.75,6.5,4.5,8.5],"texture":"#0"},"up":{"uv":[0,0,0,2.75],"texture":"#missing"},"down":{"uv":[0,0,0,2.75],"texture":"#missing"}}},{"from":[7,10,3],"to":[12,15,3],"rotation":{"angle":45,"axis":"z","origin":[8,11,4]},"faces":{"north":{"uv":[4.75,4.25,6,5.5],"rotation":270,"texture":"#0"},"east":{"uv":[0.75,3.75,1.75,4],"rotation":270,"texture":"#missing"},"south":{"uv":[4.75,5.5,6,4.25],"rotation":270,"texture":"#0"},"west":{"uv":[0.75,4.5,1.75,4.75],"rotation":270,"texture":"#missing"},"up":{"uv":[1.5,4.75,1.75,3.75],"rotation":270,"texture":"#missing"},"down":{"uv":[0.75,4.75,1,3.75],"rotation":270,"texture":"#missing"}}},{"from":[6,9,2],"to":[10,13,4],"rotation":{"angle":45,"axis":"z","origin":[8,11,4]},"faces":{"north":{"uv":[0.75,3.75,1.75,4.75],"rotation":270,"texture":"#0"},"east":{"uv":[0.75,3.75,1.75,4],"rotation":270,"texture":"#0"},"south":{"uv":[0.75,3.75,1.75,4.75],"rotation":270,"texture":"#0"},"west":{"uv":[0.75,4.5,1.75,4.75],"rotation":270,"texture":"#0"},"up":{"uv":[1.5,4.75,1.75,3.75],"rotation":270,"texture":"#0"},"down":{"uv":[0.75,4.75,1,3.75],"rotation":270,"texture":"#0"}}},{"from":[5.75,8.75,1.75],"to":[10.25,13.25,4.25],"rotation":{"angle":45,"axis":"z","origin":[8,11,4]},"faces":{"north":{"uv":[7,2.75,8,3.75],"rotation":270,"texture":"#0"},"east":{"uv":[7,2.75,8,3],"rotation":270,"texture":"#0"},"south":{"uv":[7,2.75,8,3.75],"rotation":270,"texture":"#0"},"west":{"uv":[7,3.5,8,3.75],"rotation":270,"texture":"#0"},"up":{"uv":[7.75,3.75,8,2.75],"rotation":270,"texture":"#0"},"down":{"uv":[7,3.75,7.25,2.75],"rotation":270,"texture":"#0"}}},{"from":[-0.51609,9.19027,5],"to":[2.48391,12.19027,7],"rotation":{"angle":-22.5,"axis":"z","origin":[0.98391,10.69027,6]},"faces":{"north":{"uv":[2.5,5.5,3.25,6.25],"texture":"#0"},"east":{"uv":[2.5,5.5,2.75,6.25],"texture":"#0"},"south":{"uv":[2.5,5.5,3.25,6.25],"texture":"#0"},"west":{"uv":[3,5.5,3.25,6.25],"texture":"#0"},"up":{"uv":[3.25,5.5,2.5,5.75],"texture":"#0"},"down":{"uv":[3.25,6,2.5,6.25],"texture":"#0"}}},{"from":[7,8.58553,4.11103],"to":[9,11.58553,8.11103],"rotation":{"angle":22.5,"axis":"x","origin":[12,12.08553,7.11103]},"faces":{"north":{"uv":[0,8.25,0.25,9],"texture":"#0"},"east":{"uv":[1,8.25,0,9],"texture":"#0"},"south":{"uv":[0.75,8.25,1,9],"texture":"#0"},"west":{"uv":[0,8.25,1,9],"texture":"#0"},"up":{"uv":[0,8.25,1,8.5],"rotation":90,"texture":"#0"},"down":{"uv":[1,8.75,0,9],"rotation":90,"texture":"#0"}}},{"from":[7,9,3],"to":[9,11,14],"rotation":{"angle":-45,"axis":"z","origin":[8,10,8]},"faces":{"north":{"uv":[0,3.75,0.25,4],"texture":"#0"},"east":{"uv":[0.5,3.75,0,6.5],"rotation":90,"texture":"#0"},"south":{"uv":[0,3.75,0.25,4],"texture":"#0"},"west":{"uv":[0,3.75,0.5,6.5],"rotation":90,"texture":"#0"},"up":{"uv":[0,3.75,0.5,6.5],"texture":"#0"},"down":{"uv":[0.5,3.75,0,6.5],"texture":"#0"}}},{"from":[2,0.5,2.1],"to":[5,3.5,3.1],"rotation":{"angle":45,"axis":"z","origin":[4.5,3,2.6]},"faces":{"north":{"uv":[0,2.75,0.75,3.5],"texture":"#0"},"east":{"uv":[0,2.75,0.25,3.5],"texture":"#0"},"south":{"uv":[0.75,2.75,0,3.5],"texture":"#0"},"west":{"uv":[0.5,2.75,0.75,3.5],"texture":"#0"},"up":{"uv":[0.75,2.75,0,3],"texture":"#0"},"down":{"uv":[0.75,3.25,0,3.5],"texture":"#0"}}},{"from":[11,0.5,2.1],"to":[14,3.5,3.1],"rotation":{"angle":-45,"axis":"z","origin":[11.5,3,2.6]},"faces":{"north":{"uv":[0.75,2.75,0,3.5],"texture":"#0"},"east":{"uv":[0.75,2.75,0.5,3.5],"texture":"#0"},"south":{"uv":[0,2.75,0.75,3.5],"texture":"#0"},"west":{"uv":[0.25,2.75,0,3.5],"texture":"#0"},"up":{"uv":[0,2.75,0.75,3],"texture":"#0"},"down":{"uv":[0,3.25,0.75,3.5],"texture":"#0"}}},{"from":[9,-1.5,2.6],"to":[12,0.5,2.6],"rotation":{"angle":0,"axis":"y","origin":[16,1.5,0.1]},"faces":{"north":{"uv":[1.75,2.75,1,3.25],"texture":"#0"},"east":{"uv":[0,0,0,0.5],"texture":"#missing"},"south":{"uv":[1,2.75,1.75,3.25],"texture":"#0"},"west":{"uv":[0,0,0,0.5],"texture":"#missing"},"up":{"uv":[0.75,0,0,0],"texture":"#missing"},"down":{"uv":[0.75,0,0,0],"texture":"#missing"}}},{"from":[2.75,-0.25,2.75],"to":[13.25,10.25,13.25],"faces":{"north":{"uv":[8,0,10.5,2.5],"texture":"#0"},"east":{"uv":[10,2.75,12.5,5.25],"texture":"#0"},"south":{"uv":[13.5,0,16,2.5],"texture":"#0"},"west":{"uv":[12.5,2.75,10,5.25],"texture":"#0"},"up":{"uv":[10.75,0,13.25,2.5],"texture":"#0"},"down":{"uv":[9.25,1.25,9.5,1.5],"texture":"#0"}}},{"from":[13,0,3],"to":[3,10,13],"faces":{"north":{"uv":[0,0,2.5,2.5],"texture":"#0"},"east":{"uv":[2,2.75,4.5,5.25],"texture":"#0"},"south":{"uv":[5.5,0,8,2.5],"texture":"#0"},"west":{"uv":[4.5,2.75,2,5.25],"texture":"#0"},"up":{"uv":[2.75,0,5.25,2.5],"texture":"#0"},"down":{"uv":[1.25,1.25,1.5,1.5],"texture":"#0"}}},{"from":[7.999,9.41421,9],"to":[7.999,14.41421,16],"rotation":{"angle":-45,"axis":"z","origin":[7.999,9.5,10.5]},"faces":{"north":{"uv":[0,0,2.5,2.5],"texture":"#missing"},"east":{"uv":[6.5,2.75,4.75,4],"texture":"#0"},"south":{"uv":[0,0,10,10],"texture":"#missing"},"west":{"uv":[4.75,2.75,6.5,4],"texture":"#0"},"up":{"uv":[0,0,10,10],"texture":"#missing"},"down":{"uv":[0,0,10,10],"texture":"#missing"}}},{"from":[7.999,9.41421,9],"to":[7.999,14.41421,16],"rotation":{"angle":45,"axis":"z","origin":[7.999,9.5,10.5]},"faces":{"north":{"uv":[0,0,2.5,2.5],"texture":"#missing"},"east":{"uv":[6.5,2.75,4.75,4],"texture":"#0"},"south":{"uv":[0,0,10,10],"texture":"#missing"},"west":{"uv":[4.75,2.75,6.5,4],"texture":"#0"},"up":{"uv":[0,0,10,10],"texture":"#missing"},"down":{"uv":[0,0,10,10],"texture":"#missing"}}},{"from":[10,4,2],"to":[12,6,8],"rotation":{"angle":-22.5,"axis":"z","origin":[16,0,0]},"faces":{"north":{"uv":[0.75,5.25,1.25,4.75],"rotation":90,"texture":"#0"},"east":{"uv":[2.25,5.5,0.75,6],"texture":"#0"},"south":{"uv":[2,5.75,2.25,5.5],"rotation":90,"texture":"#0"},"west":{"uv":[0.75,6,2.25,5.5],"texture":"#0"},"up":{"uv":[0.75,5.5,2.25,6],"rotation":90,"texture":"#0"},"down":{"uv":[2.25,6,0.75,5.5],"rotation":90,"texture":"#0"}}},{"from":[13.30945,9.42687,3],"to":[13.30945,17.42687,14],"rotation":{"angle":-22.5,"axis":"z","origin":[13.56804,6.51863,5]},"faces":{"north":{"uv":[0,0,0,2],"texture":"#missing"},"east":{"uv":[4.5,6.5,1.75,8.5],"texture":"#0"},"south":{"uv":[0,0,0,2],"texture":"#missing"},"west":{"uv":[1.75,6.5,4.5,8.5],"texture":"#0"},"up":{"uv":[0,0,0,2.75],"texture":"#missing"},"down":{"uv":[0,0,0,2.75],"texture":"#missing"}}},{"from":[13.51609,9.19027,5],"to":[16.51609,12.19027,7],"rotation":{"angle":22.5,"axis":"z","origin":[15.01609,10.69027,6]},"faces":{"north":{"uv":[3.25,5.5,2.5,6.25],"texture":"#0"},"east":{"uv":[3.25,5.5,3,6.25],"texture":"#0"},"south":{"uv":[3.25,5.5,2.5,6.25],"texture":"#0"},"west":{"uv":[2.75,5.5,2.5,6.25],"texture":"#0"},"up":{"uv":[2.5,5.5,3.25,5.75],"texture":"#0"},"down":{"uv":[2.5,6,3.25,6.25],"texture":"#0"}}},{"from":[11.80945,10.42687,7],"to":[14.80945,11.42687,11],"rotation":{"angle":-22.5,"axis":"z","origin":[13.56804,6.51863,5]},"faces":{"north":{"uv":[1.5,6.25,0.75,6.5],"texture":"#0"},"east":{"uv":[0.75,6.25,1,7.25],"rotation":90,"texture":"#0"},"south":{"uv":[1.5,7,0.75,7.25],"texture":"#0"},"west":{"uv":[1.25,7.25,1.5,6.25],"rotation":90,"texture":"#0"},"up":{"uv":[1.5,6.25,0.75,7.25],"texture":"#0"},"down":{"uv":[1.5,7.25,0.75,6.25],"texture":"#0"}}},{"from":[12.30945,5.42687,8],"to":[14.30945,10.42687,10],"rotation":{"angle":-22.5,"axis":"z","origin":[13.56804,6.51863,5]},"faces":{"north":{"uv":[0,6.75,0.5,8],"texture":"#0"},"east":{"uv":[0.5,6.75,0,8],"texture":"#0"},"south":{"uv":[0,6.75,0.5,8],"texture":"#0"},"west":{"uv":[0.5,6.75,0,8],"texture":"#0"},"up":{"uv":[0.75,5.25,1.25,4.75],"rotation":90,"texture":"#0"},"down":{"uv":[2,5.75,2.25,5.5],"rotation":90,"texture":"#0"}}}],"display":{"thirdperson_righthand":{"rotation":[70,0,0],"translation":[0,1.25,1.75],"scale":[0.5,0.5,0.5]},"thirdperson_lefthand":{"rotation":[70,0,0],"translation":[0,1.25,1.75],"scale":[0.5,0.5,0.5]},"firstperson_righthand":{"rotation":[-13.5,-1,0],"translation":[1.25,2.25,1.25],"scale":[0.5,0.5,0.5]},"firstperson_lefthand":{"rotation":[-13.5,-1,0],"translation":[1.25,2.25,1.25],"scale":[0.5,0.5,0.5]},"ground":{"translation":[0,5,0]},"gui":{"rotation":[177.53,-25.44,178.04],"translation":[-0.25,0.25,0],"scale":[0.68,0.68,0.68]},"head":{"translation":[-0.25,5,0],"scale":[1.5,1.5,1.5]},"fixed":{"rotation":[-69.75,0,0],"translation":[0,6,-14],"scale":[2,2,2]}}}