{"credit":"Made with Blockbench","texture_size":[64,64],"textures":{"0":"lunar_studios:enderkariz/forest_god/forest_god_astek_back","particle":"lunar_studios:enderkariz/forest_god/forest_god_astek_back"},"elements":[{"from":[5,3,9.5],"to":[11,9,11.5],"rotation":{"angle":45,"axis":"z","origin":[8,6,11]},"faces":{"north":{"uv":[0,4.5,1.5,6],"rotation":270,"texture":"#0"},"east":{"uv":[0,4.75,1.5,4.5],"rotation":270,"texture":"#0"},"south":{"uv":[0,6,1.5,4.5],"rotation":270,"texture":"#0"},"west":{"uv":[0,6,1.5,5.75],"rotation":270,"texture":"#0"},"up":{"uv":[1.5,4.5,1.25,6],"rotation":270,"texture":"#0"},"down":{"uv":[0.25,6,0,4.5],"rotation":270,"texture":"#0"}}},{"from":[4.75,2.75,9.25],"to":[11.25,9.25,11.75],"rotation":{"angle":45,"axis":"z","origin":[8,6,11]},"faces":{"north":{"uv":[1.75,4.5,3.25,6],"rotation":270,"texture":"#0"},"east":{"uv":[1.75,4.75,3.25,4.5],"rotation":270,"texture":"#0"},"south":{"uv":[1.75,6,3.25,4.5],"rotation":270,"texture":"#0"},"west":{"uv":[1.75,6,3.25,5.75],"rotation":270,"texture":"#0"},"up":{"uv":[3.25,6,3,4.5],"rotation":270,"texture":"#0"},"down":{"uv":[2,6,1.75,4.5],"rotation":270,"texture":"#0"}}},{"from":[-4,-2,13],"to":[20,22,13],"rotation":{"angle":0,"axis":"y","origin":[0,0,20]},"faces":{"north":{"uv":[6,7.75,0,13.75],"texture":"#0"},"east":{"uv":[0,0,0,16],"texture":"#missing"},"south":{"uv":[0,7.75,6,13.75],"texture":"#0"},"west":{"uv":[0,0,0,16],"texture":"#missing"},"up":{"uv":[0,0,16,0],"texture":"#missing"},"down":{"uv":[0,0,16,0],"texture":"#missing"}}},{"from":[8,6,10.5],"to":[13,11,10.5],"rotation":{"angle":45,"axis":"z","origin":[8,6,11]},"faces":{"north":{"uv":[0,6.25,1.25,7.5],"rotation":270,"texture":"#0"},"east":{"uv":[0,0,0,16],"texture":"#missing"},"south":{"uv":[0,7.5,1.25,6.25],"rotation":270,"texture":"#0"},"west":{"uv":[0,0,0,16],"texture":"#missing"},"up":{"uv":[0,0,16,0],"texture":"#missing"},"down":{"uv":[0,0,16,0],"texture":"#missing"}}},{"from":[9,4,8.5],"to":[24,6,10.5],"rotation":{"angle":45,"axis":"z","origin":[8,6,11]},"faces":{"north":{"uv":[0,0,0.5,3.75],"rotation":90,"texture":"#0"},"east":{"uv":[1.5,0.75,2,1.25],"rotation":90,"texture":"#0"},"south":{"uv":[0.5,3.75,0,0],"rotation":90,"texture":"#0"},"west":{"uv":[1.5,0,2,0.5],"texture":"#0"},"up":{"uv":[0,3.75,0.5,0],"rotation":90,"texture":"#0"},"down":{"uv":[0,3.75,0.5,0],"rotation":90,"texture":"#0"}}},{"from":[8.75,3.75,8.25],"to":[24.25,6.25,10.75],"rotation":{"angle":45,"axis":"z","origin":[8,6,11]},"faces":{"north":{"uv":[0.75,0,1.25,3.75],"rotation":90,"texture":"#0"},"east":{"uv":[1.5,0.75,2,1.25],"rotation":90,"texture":"#0"},"south":{"uv":[1.25,3.75,0.75,0],"rotation":90,"texture":"#0"},"west":{"uv":[1.5,0,2,0.5],"texture":"#0"},"up":{"uv":[0.75,3.75,1.25,0],"rotation":90,"texture":"#0"},"down":{"uv":[0.75,3.75,1.25,0],"rotation":90,"texture":"#0"}}},{"from":[24,3.5,6.5],"to":[25,6.5,11.5],"rotation":{"angle":45,"axis":"z","origin":[8,6,7]},"faces":{"north":{"uv":[1.75,3,1.5,3.75],"texture":"#0"},"east":{"uv":[2.75,3,1.5,3.75],"texture":"#0"},"south":{"uv":[2.75,3,2.5,3.75],"texture":"#0"},"west":{"uv":[2.75,3,1.5,3.75],"texture":"#0"},"up":{"uv":[1.5,3.25,2.75,3],"rotation":90,"texture":"#0"},"down":{"uv":[2.75,3.75,1.5,3.5],"rotation":90,"texture":"#0"}}},{"from":[20.46447,6.20711,6.5],"to":[21.46447,9.20711,11.5],"rotation":{"angle":-45,"axis":"z","origin":[4.46447,6.70711,7]},"faces":{"north":{"uv":[1.75,3.75,1.5,3],"texture":"#0"},"east":{"uv":[2.75,3.75,1.5,3],"texture":"#0"},"south":{"uv":[2.75,3.75,2.5,3],"texture":"#0"},"west":{"uv":[2.75,3.75,1.5,3],"texture":"#0"},"up":{"uv":[1.5,3.75,2.75,3.5],"rotation":90,"texture":"#0"},"down":{"uv":[2.75,3.25,1.5,3],"rotation":90,"texture":"#0"}}},{"from":[18,5,2.5],"to":[29,5,12.5],"rotation":{"angle":45,"axis":"z","origin":[8,6,7]},"faces":{"north":{"uv":[0,0,4,4],"texture":"#missing"},"east":{"uv":[0,0,0,16],"texture":"#missing"},"south":{"uv":[4,0,0,4],"texture":"#missing"},"west":{"uv":[0,0,0,16],"texture":"#missing"},"up":{"uv":[4.75,0,2.25,2.75],"rotation":90,"texture":"#0"},"down":{"uv":[2.25,0,4.75,2.75],"rotation":90,"texture":"#0"}}},{"from":[13.75736,8.41421,2.5],"to":[24.75736,8.41421,12.5],"rotation":{"angle":-45,"axis":"z","origin":[3.75736,7.41421,7]},"faces":{"north":{"uv":[0,4,4,0],"texture":"#missing"},"east":{"uv":[0,16,0,0],"texture":"#missing"},"south":{"uv":[4,4,0,0],"texture":"#missing"},"west":{"uv":[0,16,0,0],"texture":"#missing"},"up":{"uv":[4.75,0,2.25,2.75],"rotation":90,"texture":"#0"},"down":{"uv":[2.25,0,4.75,2.75],"rotation":90,"texture":"#0"}}},{"from":[6,2.79289,7.5],"to":[10,6.79289,9.5],"rotation":{"angle":0,"axis":"y","origin":[8,5.29289,8.5]},"faces":{"north":{"uv":[3.5,4.5,4.5,5.5],"texture":"#0"},"east":{"uv":[4.25,4.5,4.5,5.5],"texture":"#0"},"south":{"uv":[4.5,4.5,3.5,5.5],"texture":"#0"},"west":{"uv":[4.25,4.5,4.5,5.5],"texture":"#0"},"up":{"uv":[3.5,4.5,4.5,4.75],"texture":"#0"},"down":{"uv":[3.5,5.25,4.5,5.5],"texture":"#0"}}},{"from":[5.75,2.54289,7.25],"to":[10.25,7.04289,9.75],"rotation":{"angle":0,"axis":"y","origin":[8,5.29289,8.5]},"faces":{"north":{"uv":[4.75,4.5,5.75,5.5],"texture":"#0"},"east":{"uv":[5.5,4.5,5.75,5.5],"texture":"#0"},"south":{"uv":[5.75,4.5,4.75,5.5],"texture":"#0"},"west":{"uv":[5.5,4.5,5.75,5.5],"texture":"#0"},"up":{"uv":[4.75,4.5,5.75,4.75],"texture":"#0"},"down":{"uv":[4.75,5.25,5.75,5.5],"texture":"#0"}}},{"from":[10,4,8.5],"to":[21,6,10.5],"rotation":{"angle":-45,"axis":"z","origin":[8,6,11]},"faces":{"north":{"uv":[0,3.75,0.5,1],"rotation":90,"texture":"#0"},"east":{"uv":[2,0.75,1.5,1.25],"texture":"#0"},"south":{"uv":[0.5,3.75,0,1],"rotation":90,"texture":"#0"},"west":{"uv":[1.5,1.25,2,0.75],"rotation":90,"texture":"#0"},"up":{"uv":[0,1,0.5,3.75],"rotation":90,"texture":"#0"},"down":{"uv":[0,1,0.5,3.75],"rotation":90,"texture":"#0"}}},{"from":[9.75,3.75,8.25],"to":[21.25,6.25,10.75],"rotation":{"angle":-45,"axis":"z","origin":[8,6,11]},"faces":{"north":{"uv":[0.75,3.75,1.25,1],"rotation":90,"texture":"#0"},"east":{"uv":[2,0.75,1.5,1.25],"texture":"#0"},"south":{"uv":[1.25,3.75,0.75,1],"rotation":90,"texture":"#0"},"west":{"uv":[1.5,1.25,2,0.75],"rotation":90,"texture":"#0"},"up":{"uv":[0.75,1,1.25,3.75],"rotation":90,"texture":"#0"},"down":{"uv":[0.75,1,1.25,3.75],"rotation":90,"texture":"#0"}}},{"from":[-5.25,3.75,8.25],"to":[6.25,6.25,10.75],"rotation":{"angle":45,"axis":"z","origin":[8,6,11]},"faces":{"north":{"uv":[0.75,1,1.25,3.75],"rotation":90,"texture":"#0"},"east":{"uv":[1.5,0.75,2,1.25],"rotation":90,"texture":"#0"},"south":{"uv":[1.25,1,0.75,3.75],"rotation":90,"texture":"#0"},"west":{"uv":[1.5,0.75,2,1.25],"texture":"#0"},"up":{"uv":[0.75,3.75,1.25,1],"rotation":90,"texture":"#0"},"down":{"uv":[0.75,3.75,1.25,1],"rotation":90,"texture":"#0"}}},{"from":[-5,4,8.5],"to":[6,6,10.5],"rotation":{"angle":45,"axis":"z","origin":[8,6,11]},"faces":{"north":{"uv":[0,1,0.5,3.75],"rotation":90,"texture":"#0"},"east":{"uv":[1.5,0.75,2,1.25],"rotation":90,"texture":"#0"},"south":{"uv":[0.5,1,0,3.75],"rotation":90,"texture":"#0"},"west":{"uv":[1.5,0.75,2,1.25],"texture":"#0"},"up":{"uv":[0,3.75,0.5,1],"rotation":90,"texture":"#0"},"down":{"uv":[0,3.75,0.5,1],"rotation":90,"texture":"#0"}}},{"from":[-8.75736,8.41421,2.5],"to":[2.24264,8.41421,12.5],"rotation":{"angle":45,"axis":"z","origin":[12.24264,7.41421,7]},"faces":{"north":{"uv":[4,4,0,0],"texture":"#missing"},"east":{"uv":[0,16,0,0],"texture":"#missing"},"south":{"uv":[0,4,4,0],"texture":"#missing"},"west":{"uv":[0,16,0,0],"texture":"#missing"},"up":{"uv":[4.75,2.75,2.25,0],"rotation":90,"texture":"#0"},"down":{"uv":[2.25,2.75,4.75,0],"rotation":90,"texture":"#0"}}},{"from":[-5.46447,6.20711,6.5],"to":[-4.46447,9.20711,11.5],"rotation":{"angle":45,"axis":"z","origin":[11.53553,6.70711,7]},"faces":{"north":{"uv":[1.5,3.75,1.75,3],"texture":"#0"},"east":{"uv":[1.5,3.75,2.75,3],"texture":"#0"},"south":{"uv":[2.5,3.75,2.75,3],"texture":"#0"},"west":{"uv":[1.5,3.75,2.75,3],"texture":"#0"},"up":{"uv":[1.5,3.5,2.75,3.75],"rotation":90,"texture":"#0"},"down":{"uv":[2.75,3,1.5,3.25],"rotation":90,"texture":"#0"}}},{"from":[-8.25,3.75,8.25],"to":[7.25,6.25,10.75],"rotation":{"angle":-45,"axis":"z","origin":[8,6,11]},"faces":{"north":{"uv":[0.75,3.75,1.25,0],"rotation":90,"texture":"#0"},"east":{"uv":[2,0,1.5,0.5],"texture":"#0"},"south":{"uv":[1.25,0,0.75,3.75],"rotation":90,"texture":"#0"},"west":{"uv":[1.5,1.25,2,0.75],"rotation":90,"texture":"#0"},"up":{"uv":[0.75,0,1.25,3.75],"rotation":90,"texture":"#0"},"down":{"uv":[0.75,0,1.25,3.75],"rotation":90,"texture":"#0"}}},{"from":[-8,4,8.5],"to":[7,6,10.5],"rotation":{"angle":-45,"axis":"z","origin":[8,6,11]},"faces":{"north":{"uv":[0,3.75,0.5,0],"rotation":90,"texture":"#0"},"east":{"uv":[2,0,1.5,0.5],"texture":"#0"},"south":{"uv":[0.5,0,0,3.75],"rotation":90,"texture":"#0"},"west":{"uv":[1.5,1.25,2,0.75],"rotation":90,"texture":"#0"},"up":{"uv":[0,0,0.5,3.75],"rotation":90,"texture":"#0"},"down":{"uv":[0,0,0.5,3.75],"rotation":90,"texture":"#0"}}},{"from":[-9,3.5,6.5],"to":[-8,6.5,11.5],"rotation":{"angle":-45,"axis":"z","origin":[8,6,7]},"faces":{"north":{"uv":[1.5,3,1.75,3.75],"texture":"#0"},"east":{"uv":[1.5,3,2.75,3.75],"texture":"#0"},"south":{"uv":[2.5,3,2.75,3.75],"texture":"#0"},"west":{"uv":[1.5,3,2.75,3.75],"texture":"#0"},"up":{"uv":[1.5,3,2.75,3.25],"rotation":90,"texture":"#0"},"down":{"uv":[2.75,3.5,1.5,3.75],"rotation":90,"texture":"#0"}}},{"from":[-13,5,2.5],"to":[-2,5,12.5],"rotation":{"angle":-45,"axis":"z","origin":[8,6,7]},"faces":{"north":{"uv":[4,0,0,4],"texture":"#missing"},"east":{"uv":[0,0,0,16],"texture":"#missing"},"south":{"uv":[0,0,4,4],"texture":"#missing"},"west":{"uv":[0,0,0,16],"texture":"#missing"},"up":{"uv":[4.75,2.75,2.25,0],"rotation":90,"texture":"#0"},"down":{"uv":[2.25,2.75,4.75,0],"rotation":90,"texture":"#0"}}}],"display":{"thirdperson_righthand":{"rotation":[50.25,0,0],"translation":[0,0.5,-1],"scale":[0.5,0.5,0.5]},"thirdperson_lefthand":{"rotation":[50.25,0,0],"translation":[0,0.5,-1],"scale":[0.5,0.5,0.5]},"firstperson_righthand":{"rotation":[-5.75,0,0],"translation":[1.5,1.25,-0.25],"scale":[0.5,0.5,0.5]},"firstperson_lefthand":{"rotation":[-5.75,0,0],"translation":[1.5,1.25,-0.25],"scale":[0.5,0.5,0.5]},"ground":{"translation":[0,13,0]},"gui":{"rotation":[22,32,0],"translation":[-0.5,0.5,0],"scale":[0.44336,0.44336,0.44336]},"head":{"rotation":[6.25,0,0],"translation":[0,0.75,13.25],"scale":[1.6,1.6,1.6]},"fixed":{"rotation":[-180,2.5,-180],"translation":[0,0,-3.75]}}}