{"credit":"Made with Blockbench","texture_size":[32,32],"textures":{"0":"lunar_studios:enderkariz/forest_god/forest_god_greatsword","particle":"lunar_studios:enderkariz/forest_god/forest_god_greatsword"},"elements":[{"from":[7,-3,8],"to":[8,5,9],"rotation":{"angle":45,"axis":"y","origin":[7.5,1,8.5]},"faces":{"north":{"uv":[0,0,0.5,4],"texture":"#0"},"east":{"uv":[0.5,0,0,4],"texture":"#0"},"south":{"uv":[0,0,0.5,4],"texture":"#0"},"west":{"uv":[0.5,0,0,4],"texture":"#0"},"up":{"uv":[15.5,13,16,13.5],"rotation":180,"texture":"#0"},"down":{"uv":[15.5,13,16,13.5],"rotation":180,"texture":"#0"}}},{"from":[6.9,-3.51421,7.9],"to":[8.1,-2.31421,9.1],"rotation":{"angle":45,"axis":"z","origin":[7.5,-2.91421,8.5]},"faces":{"north":{"uv":[0,4.25,0.5,4.75],"rotation":90,"texture":"#0"},"east":{"uv":[0,4.25,0.5,4.75],"texture":"#0"},"south":{"uv":[0,4.25,0.5,4.75],"rotation":90,"texture":"#0"},"west":{"uv":[0,4.25,0.5,4.75],"texture":"#0"},"up":{"uv":[0.75,4.25,1.25,4.75],"rotation":180,"texture":"#0"},"down":{"uv":[0,5,0.5,5.5],"rotation":270,"texture":"#0"}}},{"from":[6.9,-3.1,7.9],"to":[8.1,5.1,9.1],"rotation":{"angle":45,"axis":"y","origin":[7.5,1,8.5]},"faces":{"north":{"uv":[0.75,0,1.25,4],"texture":"#0"},"east":{"uv":[1.25,0,0.75,4],"texture":"#0"},"south":{"uv":[0.75,0,1.25,4],"texture":"#0"},"west":{"uv":[1.25,0,0.75,4],"texture":"#0"},"up":{"uv":[15.5,13,16,13.5],"rotation":180,"texture":"#0"},"down":{"uv":[15.5,13,16,13.5],"rotation":180,"texture":"#0"}}},{"from":[6.5,5,7.5],"to":[8.5,6,9.5],"rotation":{"angle":0,"axis":"y","origin":[15,-3,17]},"faces":{"north":{"uv":[1.5,1.75,2.5,2.25],"texture":"#0"},"east":{"uv":[1.5,1.75,2.5,2.25],"texture":"#0"},"south":{"uv":[1.5,1.75,2.5,2.25],"texture":"#0"},"west":{"uv":[1.5,1.75,2.5,2.25],"texture":"#0"},"up":{"uv":[1.5,2.5,2.5,3.5],"texture":"#0"},"down":{"uv":[1.5,3.75,2.5,4.75],"texture":"#0"}}},{"from":[7.5,-5.5,8],"to":[7.5,-2.5,11],"rotation":{"angle":45,"axis":"x","origin":[7.5,-3,8.5]},"faces":{"north":{"uv":[0,0,0,3],"texture":"#missing"},"east":{"uv":[3,0,1.5,1.5],"texture":"#0"},"south":{"uv":[0,0,0,3],"texture":"#missing"},"west":{"uv":[1.5,0,3,1.5],"texture":"#0"},"up":{"uv":[0,0,3,0],"rotation":270,"texture":"#missing"},"down":{"uv":[0,0,3,0],"rotation":90,"texture":"#missing"}}},{"from":[6,6,6.5],"to":[9,7,10.5],"rotation":{"angle":0,"axis":"y","origin":[15,19,17]},"faces":{"north":{"uv":[4.75,0.75,3.25,1.25],"texture":"#0"},"east":{"uv":[3.25,0,5.25,0.5],"texture":"#0"},"south":{"uv":[3.25,0.75,4.75,1.25],"texture":"#0"},"west":{"uv":[3.25,0,5.25,0.5],"texture":"#0"},"up":{"uv":[4.75,3,2.75,1.5],"rotation":90,"texture":"#0"},"down":{"uv":[4.75,5.5,2.75,4],"rotation":90,"texture":"#0"}}},{"from":[6,8,6.5],"to":[9,9,10.5],"rotation":{"angle":0,"axis":"y","origin":[15,-3,17]},"faces":{"north":{"uv":[0,6.5,1.5,7],"texture":"#0"},"east":{"uv":[0,5.75,2,6.25],"texture":"#0"},"south":{"uv":[0,6.5,1.5,7],"texture":"#0"},"west":{"uv":[0,5.75,2,6.25],"texture":"#0"},"up":{"uv":[2.25,5.75,4.25,7.25],"rotation":90,"texture":"#0"},"down":{"uv":[0,7.25,2,8.75],"rotation":90,"texture":"#0"}}},{"from":[7.5,4,4.5],"to":[7.5,10,7.5],"rotation":{"angle":0,"axis":"y","origin":[15,-3,17]},"faces":{"north":{"uv":[1.5,0,2.5,0.5],"texture":"#missing"},"east":{"uv":[7.25,0,5.75,3],"texture":"#0"},"south":{"uv":[1.5,0,2.5,0.5],"texture":"#missing"},"west":{"uv":[5.75,0,7.25,3],"texture":"#0"},"up":{"uv":[1.5,0.75,2.5,1.75],"rotation":180,"texture":"#missing"},"down":{"uv":[1.5,2,2.5,3],"rotation":180,"texture":"#missing"}}},{"from":[6.5,9,6.5],"to":[8.5,10,10.5],"rotation":{"angle":0,"axis":"y","origin":[15,-3,17]},"faces":{"north":{"uv":[2.25,8.25,3.25,8.75],"texture":"#0"},"east":{"uv":[2.25,7.5,4.25,8],"texture":"#0"},"south":{"uv":[2.25,8.25,3.25,8.75],"texture":"#0"},"west":{"uv":[2.25,7.5,4.25,8],"texture":"#0"},"up":{"uv":[0,9,2,10],"rotation":90,"texture":"#0"},"down":{"uv":[2.5,8.5,2.75,8.75],"texture":"#0"}}},{"from":[7,10,6.5],"to":[8,28,10.5],"rotation":{"angle":0,"axis":"y","origin":[15,-3,17]},"faces":{"north":{"uv":[14.5,1.5,14.75,10.5],"texture":"#0"},"east":{"uv":[12.75,1.5,14.75,10.5],"texture":"#0"},"south":{"uv":[12.75,1.5,13,10.5],"texture":"#0"},"west":{"uv":[12.75,1.5,14.75,10.5],"texture":"#0"},"up":{"uv":[12.75,1.5,14.75,1.75],"rotation":90,"texture":"#0"},"down":{"uv":[12.75,10.25,14.75,10.5],"texture":"#0"}}},{"from":[7.5,10,4],"to":[7.5,31,13],"rotation":{"angle":0,"axis":"y","origin":[15,-3,17]},"faces":{"north":{"uv":[1.5,0,2.5,0.5],"texture":"#missing"},"east":{"uv":[16,0,11.5,10.5],"texture":"#0"},"south":{"uv":[1.5,0,2.5,0.5],"texture":"#missing"},"west":{"uv":[11.5,0,16,10.5],"texture":"#0"},"up":{"uv":[1.5,0.75,2.5,1.75],"rotation":180,"texture":"#missing"},"down":{"uv":[1.5,2,2.5,3],"rotation":180,"texture":"#missing"}}},{"from":[5,-5.5,8.5],"to":[8,-2.5,8.5],"rotation":{"angle":45,"axis":"z","origin":[7.5,-3,8.5]},"faces":{"north":{"uv":[1.5,0,3,1.5],"texture":"#0"},"east":{"uv":[0,0,0,3],"texture":"#missing"},"south":{"uv":[3,0,1.5,1.5],"texture":"#0"},"west":{"uv":[0,0,0,3],"texture":"#missing"},"up":{"uv":[0,0,3,0],"texture":"#missing"},"down":{"uv":[0,0,3,0],"texture":"#missing"}}},{"from":[7,7,6.5],"to":[8,8,10.5],"rotation":{"angle":0,"axis":"y","origin":[15,19,17]},"faces":{"north":{"uv":[4.5,3.25,4.75,3.75],"texture":"#0"},"east":{"uv":[2.75,3.25,4.75,3.75],"texture":"#0"},"south":{"uv":[4.5,3.25,4.75,3.75],"texture":"#0"},"west":{"uv":[2.75,3.25,4.75,3.75],"texture":"#0"},"up":{"uv":[1.5,3,2.5,2],"rotation":180,"texture":"#missing"},"down":{"uv":[1.5,1.75,2.5,0.75],"rotation":180,"texture":"#missing"}}},{"from":[8.5,7.5,8],"to":[9.5,10.5,9],"rotation":{"angle":45,"axis":"y","origin":[9,9,8.5]},"faces":{"north":{"uv":[5.5,0.75,5,2.25],"texture":"#0"},"east":{"uv":[5,0.75,5.5,2.25],"texture":"#0"},"south":{"uv":[5.5,0.75,5,2.25],"texture":"#0"},"west":{"uv":[5,0.75,5.5,2.25],"texture":"#0"},"up":{"uv":[5,3,5.5,2.5],"rotation":90,"texture":"#0"},"down":{"uv":[5,2.25,5.5,2],"rotation":90,"texture":"#0"}}},{"from":[7.62132,7.5,8.87868],"to":[8.62132,10.5,9.87868],"rotation":{"angle":-45,"axis":"y","origin":[8.12132,9,6.37868]},"faces":{"north":{"uv":[5,0.75,5.5,2.25],"texture":"#0"},"east":{"uv":[5.5,0.75,5,2.25],"texture":"#0"},"south":{"uv":[5,0.75,5.5,2.25],"texture":"#0"},"west":{"uv":[5.5,0.75,5,2.25],"texture":"#0"},"up":{"uv":[5,2.5,5.5,3],"rotation":90,"texture":"#0"},"down":{"uv":[5,2,5.5,2.25],"rotation":90,"texture":"#0"}}},{"from":[7.9,9.22622,5.64383],"to":[8.9,11.22622,6.64383],"rotation":{"angle":22.5,"axis":"x","origin":[8.45,10.6866,6.45144]},"faces":{"north":{"uv":[2.75,9,2.25,10],"texture":"#0"},"east":{"uv":[2.25,9,2.75,10],"texture":"#0"},"south":{"uv":[2.75,9,2.25,10],"texture":"#0"},"west":{"uv":[2.25,9,2.75,10],"texture":"#0"},"up":{"uv":[4,8.75,3.5,8.25],"texture":"#0"},"down":{"uv":[2.5,10,2.25,9.75],"texture":"#0"}}},{"from":[7.8,8.37557,5.29148],"to":[8.8,10.37557,6.29148],"rotation":{"angle":-45,"axis":"x","origin":[8.35,9.83594,6.09909]},"faces":{"north":{"uv":[2.75,9,2.25,10],"texture":"#0"},"east":{"uv":[2.25,9,2.75,10],"texture":"#0"},"south":{"uv":[2.75,9,2.25,10],"texture":"#0"},"west":{"uv":[2.25,9,2.75,10],"texture":"#0"},"up":{"uv":[4,8.75,3.5,8.25],"texture":"#0"},"down":{"uv":[2.5,10,2.25,9.75],"texture":"#0"}}},{"from":[6.1,9.22622,5.64383],"to":[7.1,11.22622,6.64383],"rotation":{"angle":22.5,"axis":"x","origin":[6.55,10.6866,6.45144]},"faces":{"north":{"uv":[2.25,9,2.75,10],"texture":"#0"},"east":{"uv":[2.75,9,2.25,10],"texture":"#0"},"south":{"uv":[2.25,9,2.75,10],"texture":"#0"},"west":{"uv":[2.75,9,2.25,10],"texture":"#0"},"up":{"uv":[3.5,8.75,4,8.25],"texture":"#0"},"down":{"uv":[2.25,10,2.5,9.75],"texture":"#0"}}},{"from":[6.2,8.37557,5.29148],"to":[7.2,10.37557,6.29148],"rotation":{"angle":-45,"axis":"x","origin":[6.65,9.83594,6.09909]},"faces":{"north":{"uv":[2.25,9,2.75,10],"texture":"#0"},"east":{"uv":[2.75,9,2.25,10],"texture":"#0"},"south":{"uv":[2.25,9,2.75,10],"texture":"#0"},"west":{"uv":[2.75,9,2.25,10],"texture":"#0"},"up":{"uv":[3.5,8.75,4,8.25],"texture":"#0"},"down":{"uv":[2.25,10,2.5,9.75],"texture":"#0"}}},{"from":[6.1,9.22622,10.35617],"to":[7.1,11.22622,11.35617],"rotation":{"angle":-22.5,"axis":"x","origin":[6.55,10.6866,10.54856]},"faces":{"north":{"uv":[2.75,9,2.25,10],"texture":"#0"},"east":{"uv":[2.25,9,2.75,10],"texture":"#0"},"south":{"uv":[2.75,9,2.25,10],"texture":"#0"},"west":{"uv":[2.25,9,2.75,10],"texture":"#0"},"up":{"uv":[3.5,8.25,4,8.75],"texture":"#0"},"down":{"uv":[2.25,9.75,2.5,10],"texture":"#0"}}},{"from":[6.2,8.37557,10.70852],"to":[7.2,10.37557,11.70852],"rotation":{"angle":45,"axis":"x","origin":[6.65,9.83594,10.90091]},"faces":{"north":{"uv":[2.75,9,2.25,10],"texture":"#0"},"east":{"uv":[2.25,9,2.75,10],"texture":"#0"},"south":{"uv":[2.75,9,2.25,10],"texture":"#0"},"west":{"uv":[2.25,9,2.75,10],"texture":"#0"},"up":{"uv":[3.5,8.25,4,8.75],"texture":"#0"},"down":{"uv":[2.25,9.75,2.5,10],"texture":"#0"}}},{"from":[7.9,9.22622,10.35617],"to":[8.9,11.22622,11.35617],"rotation":{"angle":-22.5,"axis":"x","origin":[8.45,10.6866,10.54856]},"faces":{"north":{"uv":[2.25,9,2.75,10],"texture":"#0"},"east":{"uv":[2.75,9,2.25,10],"texture":"#0"},"south":{"uv":[2.25,9,2.75,10],"texture":"#0"},"west":{"uv":[2.75,9,2.25,10],"texture":"#0"},"up":{"uv":[4,8.25,3.5,8.75],"texture":"#0"},"down":{"uv":[2.5,9.75,2.25,10],"texture":"#0"}}},{"from":[7.8,8.37557,10.70852],"to":[8.8,10.37557,11.70852],"rotation":{"angle":45,"axis":"x","origin":[8.35,9.83594,10.90091]},"faces":{"north":{"uv":[2.25,9,2.75,10],"texture":"#0"},"east":{"uv":[2.75,9,2.25,10],"texture":"#0"},"south":{"uv":[2.25,9,2.75,10],"texture":"#0"},"west":{"uv":[2.75,9,2.25,10],"texture":"#0"},"up":{"uv":[4,8.25,3.5,8.75],"texture":"#0"},"down":{"uv":[2.5,9.75,2.25,10],"texture":"#0"}}},{"from":[7.14142,7,5.6],"to":[8.14142,8,6.6],"rotation":{"angle":45,"axis":"z","origin":[7.64142,7.5,8.1]},"faces":{"north":{"uv":[0,4.25,0.5,4.75],"rotation":90,"texture":"#0"},"east":{"uv":[0,4.25,0.5,4.75],"texture":"#0"},"south":{"uv":[0,4.25,0.5,4.75],"rotation":90,"texture":"#0"},"west":{"uv":[0,4.25,0.5,4.75],"texture":"#0"},"up":{"uv":[0.75,4.25,1.25,4.75],"rotation":180,"texture":"#0"},"down":{"uv":[0,5,0.5,5.5],"rotation":270,"texture":"#0"}}},{"from":[7.14142,7,10.4],"to":[8.14142,8,11.4],"rotation":{"angle":45,"axis":"z","origin":[7.64142,7.5,8.9]},"faces":{"north":{"uv":[0,4.75,0.5,4.25],"rotation":90,"texture":"#0"},"east":{"uv":[0.5,4.25,0,4.75],"texture":"#0"},"south":{"uv":[0,4.75,0.5,4.25],"rotation":90,"texture":"#0"},"west":{"uv":[0.5,4.25,0,4.75],"texture":"#0"},"up":{"uv":[0.75,4.75,1.25,4.25],"rotation":180,"texture":"#0"},"down":{"uv":[0.5,5,0,5.5],"rotation":270,"texture":"#0"}}},{"from":[7.5,4,9.5],"to":[7.5,10,12.5],"rotation":{"angle":0,"axis":"y","origin":[15,-3,0]},"faces":{"north":{"uv":[2.5,0,1.5,0.5],"texture":"#missing"},"east":{"uv":[5.75,0,7.25,3],"texture":"#0"},"south":{"uv":[2.5,0,1.5,0.5],"texture":"#missing"},"west":{"uv":[7.25,0,5.75,3],"texture":"#0"},"up":{"uv":[1.5,1.75,2.5,0.75],"rotation":180,"texture":"#missing"},"down":{"uv":[1.5,3,2.5,2],"rotation":180,"texture":"#missing"}}},{"from":[8.4,11.22622,5.64383],"to":[8.4,12.22622,6.64383],"rotation":{"angle":22.5,"axis":"x","origin":[8.45,10.6866,6.45144]},"faces":{"north":{"uv":[2.25,9,2.25,9.5],"texture":"#0"},"east":{"uv":[1.5,0.75,2,1.25],"texture":"#0"},"south":{"uv":[2.75,9,2.25,10],"texture":"#0"},"west":{"uv":[2,0.75,1.5,1.25],"texture":"#0"},"up":{"uv":[4,8.75,3.5,8.25],"texture":"#0"},"down":{"uv":[2.5,10,2.25,9.75],"texture":"#0"}}},{"from":[6.6,11.22622,5.64383],"to":[6.6,12.22622,6.64383],"rotation":{"angle":22.5,"axis":"x","origin":[7.55,10.6866,6.45144]},"faces":{"north":{"uv":[2.25,9,2.25,9.5],"texture":"#0"},"east":{"uv":[1.5,0.75,2,1.25],"texture":"#0"},"south":{"uv":[2.25,9,2.75,10],"texture":"#0"},"west":{"uv":[2,0.75,1.5,1.25],"texture":"#0"},"up":{"uv":[3.5,8.75,4,8.25],"texture":"#0"},"down":{"uv":[2.25,10,2.5,9.75],"texture":"#0"}}},{"from":[8.4,11.22622,10.35617],"to":[8.4,12.22622,11.35617],"rotation":{"angle":-22.5,"axis":"x","origin":[8.45,10.6866,10.54856]},"faces":{"north":{"uv":[2.25,9,2.75,10],"texture":"#0"},"east":{"uv":[2,0.75,1.5,1.25],"texture":"#0"},"south":{"uv":[2.25,9,2.25,9.5],"texture":"#0"},"west":{"uv":[1.5,0.75,2,1.25],"texture":"#0"},"up":{"uv":[4,8.25,3.5,8.75],"texture":"#0"},"down":{"uv":[2.5,9.75,2.25,10],"texture":"#0"}}},{"from":[6.6,11.22622,10.35617],"to":[6.6,12.22622,11.35617],"rotation":{"angle":-22.5,"axis":"x","origin":[7.55,10.6866,10.54856]},"faces":{"north":{"uv":[2.75,9,2.25,10],"texture":"#0"},"east":{"uv":[2,0.75,1.5,1.25],"texture":"#0"},"south":{"uv":[2.25,9,2.25,9.5],"texture":"#0"},"west":{"uv":[1.5,0.75,2,1.25],"texture":"#0"},"up":{"uv":[3.5,8.25,4,8.75],"texture":"#0"},"down":{"uv":[2.25,9.75,2.5,10],"texture":"#0"}}}],"display":{"thirdperson_righthand":{"rotation":[0,-12,0],"translation":[0,4.5,0.75]},"thirdperson_lefthand":{"rotation":[0,-12,0],"translation":[0,4,0.75]},"firstperson_righthand":{"rotation":[-3.5,7.5,0],"translation":[0.75,0,-0.75]},"firstperson_lefthand":{"rotation":[-3.5,7.5,0],"translation":[0.75,0,-0.75]},"ground":{"translation":[0,10.25,0]},"gui":{"rotation":[43.27,-40.91,42.85],"translation":[0,-0.5,0],"scale":[0.39648,0.39648,0.39648]},"fixed":{"rotation":[0,90,0],"translation":[0,0,-2.5],"scale":[2,2,2]}}}