{
    "providers": [
        {"type":"bitmap","file":"essential_tags/ranks/admin.png","ascent":8,"height":9,"chars":["솷"]},
        {"type":"bitmap","file":"essential_tags/ranks/dev.png","ascent":8,"height":9,"chars":["ㆠ"]},
        {"type":"bitmap","file":"essential_tags/ranks/diamond.png","ascent":8,"height":9,"chars":["ㆡ"]},
        {"type":"bitmap","file":"essential_tags/ranks/discord_0.png","ascent":8,"height":9,"chars":["ㆬ"]},
        {"type":"bitmap","file":"essential_tags/ranks/discord_1.png","ascent":8,"height":9,"chars":["ㆢ"]},
        {"type":"bitmap","file":"essential_tags/ranks/discord_2.png","ascent":8,"height":9,"chars":["ㆣ"]},
        {"type":"bitmap","file":"essential_tags/ranks/gold.png","ascent":8,"height":9,"chars":["ㆤ"]},
        {"type":"bitmap","file":"essential_tags/ranks/guide.png","ascent":8,"height":9,"chars":["ㆭ"]},
        {"type":"bitmap","file":"essential_tags/ranks/iron.png","ascent":8,"height":9,"chars":["ㆥ"]},
        {"type":"bitmap","file":"essential_tags/ranks/manager.png","ascent":8,"height":9,"chars":["ㆦ"]},
        {"type":"bitmap","file":"essential_tags/ranks/member.png","ascent":8,"height":9,"chars":["ㆧ"]},
        {"type":"bitmap","file":"essential_tags/ranks/mod.png","ascent":8,"height":9,"chars":["ㆮ"]},
        {"type":"bitmap","file":"essential_tags/ranks/mvp.png","ascent":8,"height":9,"chars":["ㆨ"]},
        {"type":"bitmap","file":"essential_tags/ranks/mvp_plus.png","ascent":8,"height":9,"chars":["ㆩ"]},
        {"type":"bitmap","file":"essential_tags/ranks/owner.png","ascent":8,"height":9,"chars":["ㆯ"]},
        {"type":"bitmap","file":"essential_tags/ranks/ruby.png","ascent":8,"height":9,"chars":["ㆰ"]},
        {"type":"bitmap","file":"essential_tags/ranks/sradmin.png","ascent":8,"height":9,"chars":["ㆱ"]},
        {"type":"bitmap","file":"essential_tags/ranks/srmod.png","ascent":8,"height":9,"chars":["ㆲ"]},
        {"type":"bitmap","file":"essential_tags/ranks/staff.png","ascent":8,"height":9,"chars":["ㆪ"]},
        {"type":"bitmap","file":"essential_tags/ranks/vip.png","ascent":8,"height":9,"chars":["ㆫ"]},
        {"type":"bitmap","file":"essential_tags/ranks/vip_plus.png","ascent":8,"height":9,"chars":["ㆷ"]},
        {"type":"bitmap","file":"essential_tags/ranks/youtube.png","ascent":8,"height":9,"chars":["ㆴ"]},
        {"type":"bitmap","file":"essential_tags/icons/booster.png","ascent":8,"height":9,"chars":["逗"]},
        {"type":"bitmap","file":"essential_tags/icons/chatbubble.png","ascent":8,"height":9,"chars":["ㆺ"]},
        {"type":"bitmap","file":"essential_tags/icons/click.png","ascent":8,"height":9,"chars":["ㆼ"]},
        {"type":"bitmap","file":"essential_tags/icons/error.png","ascent":8,"height":9,"chars":["ㆽ"]},
        {"type":"bitmap","file":"essential_tags/icons/left_click.png","ascent":8,"height":9,"chars":["ㆾ"]},
        {"type":"bitmap","file":"essential_tags/icons/locked.png","ascent":8,"height":9,"chars":["ㆵ"]},
        {"type":"bitmap","file":"essential_tags/icons/muted.png","ascent":8,"height":9,"chars":["ㆳ"]},
        {"type":"bitmap","file":"essential_tags/icons/npc.png","ascent":8,"height":9,"chars":["ㆶ"]},
	    {"type":"bitmap","file":"essential_tags/icons/right_click.png","ascent":8,"height":9,"chars":[""]},
        {"type":"bitmap","file":"essential_tags/icons/selected.png","ascent":8,"height":9,"chars":[""]},
        {"type":"bitmap","file":"essential_tags/icons/speaking.png","ascent":8,"height":9,"chars":[""]},
        {"type":"bitmap","file":"essential_tags/ranks/king.png","ascent":8,"height":9,"chars":[""]},
        {"type":"bitmap","file":"essential_tags/ranks/tiktok.png","ascent":8,"height":9,"chars":[""]},
        {"type":"bitmap","file":"essential_tags/ranks/twitch.png","ascent":8,"height":9,"chars":[""]},
        {"type":"bitmap","file":"essential_tags/ranks/common.png","ascent":8,"height":9,"chars":[""]},
        {"type":"bitmap","file":"essential_tags/ranks/uncommon.png","ascent":8,"height":9,"chars":[""]},
        {"type":"bitmap","file":"essential_tags/ranks/rare.png","ascent":8,"height":9,"chars":[""]},
        {"type":"bitmap","file":"essential_tags/ranks/epic.png","ascent":8,"height":9,"chars":[""]},
        {"type":"bitmap","file":"essential_tags/ranks/legendary.png","ascent":8,"height":9,"chars":[""]},
        {"type":"bitmap","file":"essential_tags/ranks/afk.png","ascent":8,"height":9,"chars":["ツ"]},
        {"type":"bitmap","file":"essential_tags/ranks/beta.png","ascent":8,"height":9,"chars":["么"]},
        {"type":"bitmap","file":"essential_tags/ranks/beta_2.png","ascent":8,"height":9,"chars":["〆"]},
        {"type":"bitmap","file":"essential_tags/ranks/beta_3.png","ascent":8,"height":9,"chars":["ッ"]},
        {"type":"bitmap","file":"essential_tags/ranks/cosmetics.png","ascent":8,"height":9,"chars":["彡"]},
        {"type":"bitmap","file":"essential_tags/ranks/owner_green.png","ascent":8,"height":9,"chars":["々"]},
        {"type":"bitmap","file":"essential_tags/ranks/owner_light_blue.png","ascent":8,"height":9,"chars":["乛"]},
        {"type":"bitmap","file":"essential_tags/ranks/owner_orange.png","ascent":8,"height":9,"chars":["乄"]},
        {"type":"bitmap","file":"essential_tags/ranks/owner_yellow.png","ascent":8,"height":9,"chars":["ム"]},
        {"type":"bitmap","file":"essential_tags/ranks/owner_red.png","ascent":8,"height":9,"chars":["ॐ"]},
        {"type":"bitmap","file":"essential_tags/ranks/paintable.png","ascent":8,"height":9,"chars":["Ł"]},
        {"type":"bitmap","file":"essential_tags/ranks/helper.png","ascent":8,"height":9,"chars":["丶"]},
        {"type":"bitmap","file":"essential_tags/ranks/head_mod.png","ascent":8,"height":9,"chars":["ズ"]},
        {"type":"bitmap","file":"essential_tags/ranks/head_dev.png","ascent":8,"height":9,"chars":["刁"]},
        {"type":"bitmap","file":"essential_tags/ranks/head_admin.png","ascent":8,"height":9,"chars":["Ø"]},
        {"type":"bitmap","file":"essential_tags/ranks/builder.png","ascent":8,"height":9,"chars":["ジ"]},
        {"type":"bitmap","file":"essential_tags/ranks/guardian.png","ascent":8,"height":9,"chars":["ɧ"]},
        {"type":"bitmap","file":"essential_tags/ranks/wither.png","ascent":8,"height":9,"chars":["く"]},
        {"type":"bitmap","file":"essential_tags/ranks/dragon.png","ascent":8,"height":9,"chars":["乇"]},
        {"type":"bitmap","file":"essential_tags/ranks/warden.png","ascent":8,"height":9,"chars":["ゞ"]},
        {"type":"bitmap","file":"essential_tags/icons/checkmark.png","ascent":8,"height":9,"chars":["私"]},
        {"type":"bitmap","file":"essential_tags/icons/error_blue.png","ascent":8,"height":9,"chars":["乡"]},
        {"type":"bitmap","file":"essential_tags/icons/error_green.png","ascent":8,"height":9,"chars":["の"]},
        {"type":"bitmap","file":"essential_tags/icons/error_pink.png","ascent":8,"height":9,"chars":["王"]},
        {"type":"bitmap","file":"essential_tags/icons/wrong.png","ascent":8,"height":9,"chars":["女"]}
    ]
}
