{
	"sources": [{
		"type": "single",
		"resource": "lunar_studios:enderkariz/forest_god/forest_god_helmet"
	}, {
		"type": "single",
		"resource": "lunar_studios:enderkariz/forest_god/forest_god_greatsword"
	}, {
		"type": "single",
		"resource": "lunar_studios:enderkariz/forest_god/forest_god_astek_back"
	}, {
		"type": "single",
		"resource": "lunar_studios:enderkariz/forest_god/forest_god_chestplate"
	}, {
		"type": "single",
		"resource": "lunar_studios:enderkariz/forest_god/forest_god_boots"
	}, {
		"type": "single",
		"resource": "lunar_studios:enderkariz/forest_god/forest_god_leggings"
	}]
}