{
	"credit": "Made by Elo106",
	"texture_size": [64, 64],
	"textures": {
		"4": "item/voxelspawns/vs_sword_elven"
	},
	"elements": [
		{
			"from": [-5.47727, 2.89617, 7.499],
			"to": [0.52273, 4.89617, 8.499],
			"rotation": {"angle": 0, "axis": "y", "origin": [14.02273, 3.89617, 7.999]},
			"faces": {
				"north": {"uv": [3.5, 2, 6.5, 3], "texture": "#4"},
				"east": {"uv": [1, 6, 1.5, 7], "texture": "#4"},
				"south": {"uv": [3.5, 3, 6.5, 4], "texture": "#4"},
				"west": {"uv": [1.5, 6, 2, 7], "texture": "#4"},
				"up": {"uv": [8.5, 0.5, 5.5, 0], "texture": "#4"},
				"down": {"uv": [8.5, 0.5, 5.5, 1], "texture": "#4"}
			}
		},
		{
			"from": [-7.33064, 2.90217, 7.505],
			"to": [-5.28014, 3.57767, 8.493],
			"rotation": {"angle": 0, "axis": "y", "origin": [14.02273, 3.89617, 7.999]},
			"faces": {
				"north": {"uv": [2, 6, 3, 6.5], "texture": "#4"},
				"east": {"uv": [7.5, 1, 8, 1.5], "texture": "#4"},
				"south": {"uv": [4.5, 6, 5.5, 6.5], "texture": "#4"},
				"west": {"uv": [1.5, 7.5, 2, 8], "texture": "#4"},
				"up": {"uv": [6.5, 6.5, 5.5, 6], "texture": "#4"},
				"down": {"uv": [7.5, 1, 6.5, 1.5], "texture": "#4"}
			}
		},
		{
			"from": [-6.01646, 3.09161, 7.501],
			"to": [-5.02046, 4.58761, 8.497],
			"rotation": {"angle": 22.5, "axis": "z", "origin": [-6.01846, 3.58961, 7.999]},
			"faces": {
				"north": {"uv": [3, 6, 3.5, 7], "texture": "#4"},
				"east": {"uv": [6.5, 1.5, 7, 2.5], "texture": "#4"},
				"south": {"uv": [2, 6.5, 2.5, 7.5], "texture": "#4"},
				"west": {"uv": [2.5, 6.5, 3, 7.5], "texture": "#4"},
				"up": {"uv": [2.5, 8, 2, 7.5], "texture": "#4"},
				"down": {"uv": [3, 7.5, 2.5, 8], "texture": "#4"}
			}
		},
		{
			"from": [-6.70965, 3.10328, 7.503],
			"to": [-5.40515, 4.09528, 8.495],
			"rotation": {"angle": 45, "axis": "z", "origin": [-6.40115, 3.09928, 7.999]},
			"faces": {
				"north": {"uv": [3, 7.5, 3.5, 8], "texture": "#4"},
				"east": {"uv": [3.5, 7.5, 4, 8], "texture": "#4"},
				"south": {"uv": [7.5, 4, 8, 4.5], "texture": "#4"},
				"west": {"uv": [4.5, 7.5, 5, 8], "texture": "#4"},
				"up": {"uv": [8, 5, 7.5, 4.5], "texture": "#4"},
				"down": {"uv": [5.5, 7.5, 5, 8], "texture": "#4"}
			}
		},
		{
			"from": [7.52273, 2.89617, 7.499],
			"to": [16.52273, 4.89617, 8.499],
			"rotation": {"angle": 0, "axis": "y", "origin": [16.02273, 3.89617, 7.999]},
			"faces": {
				"north": {"uv": [0, 1, 4.5, 0], "texture": "#4"},
				"east": {"uv": [6.5, 3.5, 7, 2.5], "texture": "#4"},
				"south": {"uv": [0, 2, 4.5, 1], "texture": "#4"},
				"west": {"uv": [6.5, 4.5, 7, 3.5], "texture": "#4"},
				"up": {"uv": [4.5, 5, 0, 4.5], "texture": "#4"},
				"down": {"uv": [4.5, 4, 0, 4.5], "texture": "#4"}
			}
		},
		{
			"from": [12.52273, 3.10383, 6.999],
			"to": [13.52273, 7.10383, 8.999],
			"rotation": {"angle": -22.5, "axis": "z", "origin": [10.02273, 13.10383, 7.999]},
			"faces": {
				"north": {"uv": [3.5, 5, 4, 7], "texture": "#4"},
				"east": {"uv": [4.5, 0, 5.5, 2], "texture": "#4"},
				"south": {"uv": [4, 5, 4.5, 7], "texture": "#4"},
				"west": {"uv": [4.5, 4, 5.5, 6], "texture": "#4"},
				"up": {"uv": [7, 5.5, 6.5, 4.5], "texture": "#4"},
				"down": {"uv": [5, 6.5, 4.5, 7.5], "texture": "#4"}
			}
		},
		{
			"from": [7.02473, 3.39817, 7.501],
			"to": [9.02073, 5.39417, 8.497],
			"rotation": {"angle": -45, "axis": "z", "origin": [8.52273, 3.89617, 7.999]},
			"faces": {
				"north": {"uv": [5.5, 1, 6.5, 2], "texture": "#4"},
				"east": {"uv": [5, 6.5, 5.5, 7.5], "texture": "#4"},
				"south": {"uv": [5.5, 4, 6.5, 5], "texture": "#4"},
				"west": {"uv": [5.5, 6.5, 6, 7.5], "texture": "#4"},
				"up": {"uv": [7.5, 6, 6.5, 5.5], "texture": "#4"},
				"down": {"uv": [7, 6.5, 6, 7], "texture": "#4"}
			}
		},
		{
			"from": [0.52273, 2.89617, 7.499],
			"to": [7.52273, 4.39617, 8.499],
			"rotation": {"angle": 0, "axis": "y", "origin": [16.02273, 3.89617, 7.999]},
			"faces": {
				"north": {"uv": [0, 2, 3, 3], "texture": "#4"},
				"east": {"uv": [0, 7, 0.5, 8], "texture": "#4"},
				"south": {"uv": [0, 3, 3.5, 4], "texture": "#4"},
				"west": {"uv": [0.5, 7, 1, 8], "texture": "#4"},
				"up": {"uv": [3.5, 5.5, 0, 5], "texture": "#4"},
				"down": {"uv": [3.5, 5.5, 0, 6], "texture": "#4"}
			}
		},
		{
			"from": [6.2139, 2.44556, 7.503],
			"to": [8.2059, 3.43756, 8.495],
			"rotation": {"angle": 22.5, "axis": "z", "origin": [4.2099, 2.44156, 7.999]},
			"faces": {
				"north": {"uv": [6.5, 6, 7.5, 6.5], "texture": "#4"},
				"east": {"uv": [5.5, 7.5, 6, 8], "texture": "#4"},
				"south": {"uv": [1, 7, 2, 7.5], "texture": "#4"},
				"west": {"uv": [7.5, 5.5, 8, 6], "texture": "#4"},
				"up": {"uv": [8, 2, 7, 1.5], "texture": "#4"},
				"down": {"uv": [8, 2, 7, 2.5], "texture": "#4"}
			}
		},
		{
			"from": [-0.01019, 3.20893, 7.501],
			"to": [1.98581, 4.20493, 8.497],
			"rotation": {"angle": -22.5, "axis": "z", "origin": [1.98781, 3.20693, 7.999]},
			"faces": {
				"north": {"uv": [7, 2.5, 8, 3], "texture": "#4"},
				"east": {"uv": [7.5, 6, 8, 6.5], "texture": "#4"},
				"south": {"uv": [3, 7, 4, 7.5], "texture": "#4"},
				"west": {"uv": [7.5, 7, 8, 7.5], "texture": "#4"},
				"up": {"uv": [8, 3.5, 7, 3], "texture": "#4"},
				"down": {"uv": [8, 3.5, 7, 4], "texture": "#4"}
			}
		},
		{
			"from": [16.52273, 2.89617, 6.999],
			"to": [17.52273, 4.89617, 8.999],
			"rotation": {"angle": 0, "axis": "y", "origin": [16.02273, 5.89617, 8.499]},
			"faces": {
				"north": {"uv": [4, 8, 4.5, 7], "texture": "#4"},
				"east": {"uv": [5.5, 5, 6.5, 6], "texture": "#4"},
				"south": {"uv": [7, 5, 7.5, 4], "texture": "#4"},
				"west": {"uv": [0, 6, 1, 7], "texture": "#4"},
				"up": {"uv": [6.5, 8, 6, 7], "texture": "#4"},
				"down": {"uv": [7, 7, 6.5, 8], "texture": "#4"}
			}
		},
		{
			"from": [16.21817, 4.43937, 7.001],
			"to": [17.21417, 5.43537, 8.997],
			"rotation": {"angle": 22.5, "axis": "z", "origin": [16.21617, 5.43737, 7.999]},
			"faces": {
				"north": {"uv": [7.5, 7.5, 8, 8], "texture": "#4"},
				"east": {"uv": [7, 5, 8, 5.5], "texture": "#4"},
				"south": {"uv": [0, 8, 0.5, 8.5], "texture": "#4"},
				"west": {"uv": [7, 6.5, 8, 7], "texture": "#4"},
				"up": {"uv": [7.5, 8, 7, 7], "texture": "#4"},
				"down": {"uv": [1.5, 7.5, 1, 8.5], "texture": "#4"}
			}
		}
	],
	"gui_light": "front",
	"display": {
		"thirdperson_righthand": {
			"rotation": [0, 90, -90],
			"translation": [0, 3, -3.75]
		},
		"thirdperson_lefthand": {
			"rotation": [0, -90, 90],
			"translation": [0, 3, -3.75]
		},
		"firstperson_righthand": {
			"rotation": [64, 68, -162],
			"translation": [0.25, 3.25, 1.25],
			"scale": [0.5, 0.5, 0.5]
		},
		"firstperson_lefthand": {
			"rotation": [-70.4, -60.75, 23.61],
			"translation": [0.25, 3, 0.5],
			"scale": [0.5, 0.5, 0.5]
		},
		"ground": {
			"rotation": [-90, -45, 0],
			"translation": [0.5, -1, -1.75],
			"scale": [0.5, 0.5, 0.5]
		},
		"gui": {
			"rotation": [0, 0, -135],
			"translation": [0.75, -3.5, 0],
			"scale": [0.75, 0.75, 0.75]
		},
		"head": {
			"rotation": [-179.75, 0, 0],
			"translation": [-9, -9.25, 0]
		},
		"fixed": {
			"rotation": [180, 0, 45],
			"translation": [-1, -4.75, -1]
		}
	},
	"groups": [
		{
			"name": "sword elobow2",
			"origin": [8, 8, 8],
			"color": 0,
			"children": [0, 1, 2, 3, 4, 5, 6, 7, 8, 9, 10, 11]
		}
	]
}