{
	"credit": "Made by Elo106",
	"texture_size": [64, 64],
	"textures": {
		"9": "item/voxelspawns/vs_sword_magic"
	},
	"elements": [
		{
			"from": [10.499, 2.999, 6.999],
			"to": [17.501, 5.001, 9.001],
			"rotation": {"angle": 0, "axis": "y", "origin": [15, 4, 8]},
			"faces": {
				"north": {"uv": [4.25, 1, 6, 1.5], "texture": "#9"},
				"east": {"uv": [6.75, 3, 7.25, 3.5], "texture": "#9"},
				"south": {"uv": [3.5, 4.75, 5.25, 5.25], "texture": "#9"},
				"west": {"uv": [4, 6.75, 4.5, 7.25], "texture": "#9"},
				"up": {"uv": [6.75, 2, 5, 1.5], "texture": "#9"},
				"down": {"uv": [6.75, 2, 5, 2.5], "texture": "#9"}
			}
		},
		{
			"from": [-8.5, 4.5, 7.5],
			"to": [8.5, 7.5, 8.5],
			"rotation": {"angle": 0, "axis": "y", "origin": [15, 6, 8]},
			"faces": {
				"north": {"uv": [0, 0, 4.25, 0.75], "texture": "#9"},
				"east": {"uv": [5, 5.25, 5.25, 6], "texture": "#9"},
				"south": {"uv": [4.25, 0, 0, 0.75], "texture": "#9"},
				"west": {"uv": [7, 7, 7.25, 7.75], "texture": "#9"},
				"up": {"uv": [8.5, 0.75, 4.25, 0.5], "texture": "#9"},
				"down": {"uv": [8.5, 0.75, 4.25, 1], "texture": "#9"}
			}
		},
		{
			"from": [-11.247, 2.11238, 7.503],
			"to": [8.497, 4.497, 8.497],
			"rotation": {"angle": 0, "axis": "y", "origin": [15, 6, 8]},
			"faces": {
				"north": {"uv": [0, 1.5, 5, 2], "texture": "#9"},
				"east": {"uv": [7.25, 4.75, 7.5, 5.25], "texture": "#9"},
				"south": {"uv": [5, 1.5, 0, 2], "texture": "#9"},
				"west": {"uv": [5, 7.25, 5.25, 7.75], "texture": "#9"},
				"up": {"uv": [9.25, 0.25, 4.25, 0], "texture": "#9"},
				"down": {"uv": [9.25, 0.25, 4.25, 0.5], "texture": "#9"}
			}
		},
		{
			"from": [-10.5612, 2.78636, 7.501],
			"to": [-7.5632, 5.78436, 8.499],
			"rotation": {"angle": 22.5, "axis": "z", "origin": [-12.34115, 4.28536, 8]},
			"faces": {
				"north": {"uv": [0.5, 5.5, 1.25, 6.25], "texture": "#9"},
				"east": {"uv": [4, 7.25, 4.25, 8], "texture": "#9"},
				"south": {"uv": [1.25, 5.75, 2, 6.5], "texture": "#9"},
				"west": {"uv": [4.25, 7.25, 4.5, 8], "texture": "#9"},
				"up": {"uv": [4.25, 4.75, 3.5, 4.5], "texture": "#9"},
				"down": {"uv": [1.25, 6.25, 0.5, 6.5], "texture": "#9"}
			}
		},
		{
			"from": [-12.76964, 2.73263, 7.502],
			"to": [-9.77364, 5.72863, 8.498],
			"rotation": {"angle": 45, "axis": "z", "origin": [-11.27164, 4.23063, 8]},
			"faces": {
				"north": {"uv": [5.75, 3.5, 6.5, 4.25], "texture": "#9"},
				"east": {"uv": [4.5, 7.25, 4.75, 8], "texture": "#9"},
				"south": {"uv": [5.75, 4.25, 6.5, 5], "texture": "#9"},
				"west": {"uv": [4.75, 7.25, 5, 8], "texture": "#9"},
				"up": {"uv": [8, 3.25, 7.25, 3], "texture": "#9"},
				"down": {"uv": [8, 3.25, 7.25, 3.5], "texture": "#9"}
			}
		},
		{
			"from": [6.3801, 7.0808, 6.998],
			"to": [17.3741, 9.0748, 8.992],
			"rotation": {"angle": 0, "axis": "y", "origin": [15.3771, 9.0778, 7.995]},
			"faces": {
				"north": {"uv": [1.5, 3.5, 4.25, 4], "texture": "#9"},
				"east": {"uv": [4.5, 6.75, 5, 7.25], "texture": "#9"},
				"south": {"uv": [1.5, 4, 4.25, 4.5], "texture": "#9"},
				"west": {"uv": [6.75, 4.75, 7.25, 5.25], "texture": "#9"},
				"up": {"uv": [6.75, 3, 4, 2.5], "texture": "#9"},
				"down": {"uv": [6.75, 3, 4, 3.5], "texture": "#9"}
			}
		},
		{
			"from": [5.14801, 5.24442, 6.998],
			"to": [7.14201, 7.23842, 8.992],
			"rotation": {"angle": 22.5, "axis": "z", "origin": [2.14501, 6.24142, 7.995]},
			"faces": {
				"north": {"uv": [5, 6.75, 5.5, 7.25], "texture": "#9"},
				"east": {"uv": [6.75, 5.25, 7.25, 5.75], "texture": "#9"},
				"south": {"uv": [5.5, 6.75, 6, 7.25], "texture": "#9"},
				"west": {"uv": [6.75, 6.5, 7.25, 7], "texture": "#9"},
				"up": {"uv": [1, 7.5, 0.5, 7], "texture": "#9"},
				"down": {"uv": [1.5, 7, 1, 7.5], "texture": "#9"}
			}
		},
		{
			"from": [3.54088, 2.90476, 6.998],
			"to": [5.53488, 7.89876, 8.992],
			"rotation": {"angle": 45, "axis": "z", "origin": [4.53788, 6.90176, 7.995]},
			"faces": {
				"north": {"uv": [3.5, 5.25, 4, 6.5], "texture": "#9"},
				"east": {"uv": [5.25, 3.5, 5.75, 4.75], "texture": "#9"},
				"south": {"uv": [4, 5.25, 4.5, 6.5], "texture": "#9"},
				"west": {"uv": [4.5, 5.25, 5, 6.5], "texture": "#9"},
				"up": {"uv": [7.5, 1.5, 7, 1], "texture": "#9"},
				"down": {"uv": [2, 7, 1.5, 7.5], "texture": "#9"}
			}
		},
		{
			"from": [6.6592, 3.37047, 6.998],
			"to": [9.6532, 5.36447, 8.992],
			"rotation": {"angle": 0, "axis": "y", "origin": [6.6562, 9.36747, 7.995]},
			"faces": {
				"north": {"uv": [6, 6.5, 6.75, 7], "texture": "#9"},
				"east": {"uv": [2, 7, 2.5, 7.5], "texture": "#9"},
				"south": {"uv": [6.75, 1.5, 7.5, 2], "texture": "#9"},
				"west": {"uv": [2.5, 7, 3, 7.5], "texture": "#9"},
				"up": {"uv": [7.5, 2.5, 6.75, 2], "texture": "#9"},
				"down": {"uv": [7.5, 2.5, 6.75, 3], "texture": "#9"}
			}
		},
		{
			"from": [17.18172, 8.10763, 6.998],
			"to": [21.18172, 10.10763, 8.998],
			"rotation": {"angle": -22.5, "axis": "z", "origin": [14.68172, 9.10763, 7.998]},
			"faces": {
				"north": {"uv": [5.75, 5, 6.75, 5.5], "texture": "#9"},
				"east": {"uv": [3, 7, 3.5, 7.5], "texture": "#9"},
				"south": {"uv": [5.75, 5.5, 6.75, 6], "texture": "#9"},
				"west": {"uv": [7, 3.5, 7.5, 4], "texture": "#9"},
				"up": {"uv": [7, 1.5, 6, 1], "texture": "#9"},
				"down": {"uv": [6, 6, 5, 6.5], "texture": "#9"}
			}
		},
		{
			"from": [21.09574, 7.60573, 6.999],
			"to": [25.09574, 9.60573, 8.999],
			"rotation": {"angle": -45, "axis": "z", "origin": [18.59574, 8.60573, 7.999]},
			"faces": {
				"north": {"uv": [6, 6, 7, 6.5], "texture": "#9"},
				"east": {"uv": [7, 4, 7.5, 4.5], "texture": "#9"},
				"south": {"uv": [0.5, 6.5, 1.5, 7], "texture": "#9"},
				"west": {"uv": [7, 5.75, 7.5, 6.25], "texture": "#9"},
				"up": {"uv": [2.5, 7, 1.5, 6.5], "texture": "#9"},
				"down": {"uv": [3.5, 6.5, 2.5, 7], "texture": "#9"}
			}
		},
		{
			"from": [17.5, 2.00141, 5.999],
			"to": [19.5, 7.00141, 9.999],
			"rotation": {"angle": 0, "axis": "y", "origin": [19.5, 8.50141, 7.999]},
			"faces": {
				"north": {"uv": [5.25, 4.75, 5.75, 6], "texture": "#9"},
				"east": {"uv": [4.25, 3.5, 5.25, 4.75], "texture": "#9"},
				"south": {"uv": [0, 5.5, 0.5, 6.75], "texture": "#9"},
				"west": {"uv": [1.5, 4.5, 2.5, 5.75], "texture": "#9"},
				"up": {"uv": [4, 7.5, 3.5, 6.5], "texture": "#9"},
				"down": {"uv": [7, 3.5, 6.5, 4.5], "texture": "#9"}
			}
		},
		{
			"from": [8.5, -0.49859, 6.499],
			"to": [10.5, 7.50141, 9.499],
			"rotation": {"angle": 0, "axis": "y", "origin": [10.5, 8.50141, 7.999]},
			"faces": {
				"north": {"uv": [2.5, 4.5, 3, 6.5], "texture": "#9"},
				"east": {"uv": [0, 3.5, 0.75, 5.5], "texture": "#9"},
				"south": {"uv": [3, 4.5, 3.5, 6.5], "texture": "#9"},
				"west": {"uv": [0.75, 3.5, 1.5, 5.5], "texture": "#9"},
				"up": {"uv": [2.5, 6.5, 2, 5.75], "texture": "#9"},
				"down": {"uv": [0.5, 6.75, 0, 7.5], "texture": "#9"}
			}
		},
		{
			"from": [1.90105, -1.07804, 5.999],
			"to": [9.90305, -0.07604, 10.001],
			"rotation": {"angle": -22.5, "axis": "z", "origin": [8.40205, -7.07704, 8]},
			"faces": {
				"north": {"uv": [4, 6.5, 6, 6.75], "texture": "#9"},
				"east": {"uv": [6, 7, 7, 7.25], "texture": "#9"},
				"south": {"uv": [6.5, 4.5, 8.5, 4.75], "texture": "#9"},
				"west": {"uv": [7, 6.25, 8, 6.5], "texture": "#9"},
				"up": {"uv": [2, 3.5, 0, 2.5], "texture": "#9"},
				"down": {"uv": [4, 2.5, 2, 3.5], "texture": "#9"}
			}
		}
	],
	"gui_light": "front",
	"display": {
		"thirdperson_righthand": {
			"rotation": [0, 90, -90],
			"translation": [0, 4.75, -3.75]
		},
		"thirdperson_lefthand": {
			"rotation": [0, -90, 90],
			"translation": [0, 4.75, -3.75]
		},
		"firstperson_righthand": {
			"rotation": [64, 68, -162],
			"translation": [0, 3.25, 1.25],
			"scale": [0.5, 0.5, 0.5]
		},
		"firstperson_lefthand": {
			"rotation": [-70.4, -60.75, 23.61],
			"translation": [0, 3.25, 0.5],
			"scale": [0.5, 0.5, 0.5]
		},
		"ground": {
			"rotation": [-90, -45, 0],
			"translation": [0.5, -1, -1.75],
			"scale": [0.5, 0.5, 0.5]
		},
		"gui": {
			"rotation": [0, 0, -135],
			"translation": [0.5, -2.5, 0],
			"scale": [0.58, 0.58, 0.58]
		},
		"head": {
			"rotation": [-179.75, 0, 0],
			"translation": [-9, -9.25, 0]
		},
		"fixed": {
			"rotation": [180, 0, 45],
			"translation": [-1, -4.5, -1]
		}
	},
	"groups": [
		{
			"name": "sword magic",
			"origin": [0, 0, 0],
			"color": 0,
			"children": [0, 1, 2, 3, 4, 5, 6, 7, 8, 9, 10, 11, 12, 13]
		}
	]
}