{
	"credit": "Made by Elo106",
	"texture_size": [64, 64],
	"textures": {
		"7": "item/voxelspawns/vs_sword_prismarine"
	},
	"elements": [
		{
			"from": [9.5, 3, 7],
			"to": [16.5, 5, 9],
			"rotation": {"angle": 0, "axis": "y", "origin": [6, -6, -1]},
			"faces": {
				"north": {"uv": [0, 4.5, 3.5, 5.5], "texture": "#7"},
				"east": {"uv": [8, 7, 9, 8], "texture": "#7"},
				"south": {"uv": [3.5, 4.5, 7, 5.5], "texture": "#7"},
				"west": {"uv": [8, 8, 9, 9], "texture": "#7"},
				"up": {"uv": [3.5, 6.5, 0, 5.5], "texture": "#7"},
				"down": {"uv": [7, 5.5, 3.5, 6.5], "texture": "#7"}
			}
		},
		{
			"from": [-6.5, 2.5, 7.5],
			"to": [6.5, 5.5, 8.5],
			"rotation": {"angle": 0, "axis": "y", "origin": [6, -6, -1]},
			"faces": {
				"north": {"uv": [0, 0, 6.5, 1.5], "texture": "#7"},
				"east": {"uv": [9, 9, 9.5, 10.5], "texture": "#7"},
				"south": {"uv": [6.5, 0, 0, 1.5], "texture": "#7"},
				"west": {"uv": [0, 9.5, 0.5, 11], "texture": "#7"},
				"up": {"uv": [12.5, 3.5, 6, 3], "texture": "#7"},
				"down": {"uv": [12.5, 3.5, 6, 4], "texture": "#7"}
			}
		},
		{
			"from": [-12.07722, 3.38055, 7.501],
			"to": [-6.07922, 6.37855, 8.499],
			"rotation": {"angle": 22.5, "axis": "z", "origin": [-4.07822, 4.87955, 8]},
			"faces": {
				"north": {"uv": [0, 3, 3, 4.5], "texture": "#7"},
				"east": {"uv": [9.5, 0, 10, 1.5], "texture": "#7"},
				"south": {"uv": [3, 3, 0, 4.5], "texture": "#7"},
				"west": {"uv": [0.5, 9.5, 1, 11], "texture": "#7"},
				"up": {"uv": [10.5, 3, 7.5, 2.5], "texture": "#7"},
				"down": {"uv": [11, 6.5, 8, 7], "texture": "#7"}
			}
		},
		{
			"from": [18.5, 3, 7],
			"to": [20.5, 5, 9],
			"rotation": {"angle": 0, "axis": "y", "origin": [19.5, 4, 8]},
			"faces": {
				"north": {"uv": [8.5, 0, 9.5, 1], "texture": "#7"},
				"east": {"uv": [8.5, 1, 9.5, 2], "texture": "#7"},
				"south": {"uv": [3, 9, 4, 10], "texture": "#7"},
				"west": {"uv": [4, 9, 5, 10], "texture": "#7"},
				"up": {"uv": [10, 5, 9, 4], "texture": "#7"},
				"down": {"uv": [6, 9, 5, 10], "texture": "#7"}
			}
		},
		{
			"from": [16.5, 3.5, 7.5],
			"to": [18.5, 4.5, 8.5],
			"rotation": {"angle": 0, "axis": "y", "origin": [26.5, 1.5, 7.5]},
			"faces": {
				"north": {"uv": [6, 4, 7, 4.5], "texture": "#7"},
				"east": {"uv": [9.5, 1.5, 10, 2], "texture": "#7"},
				"south": {"uv": [8.5, 2, 9.5, 2.5], "texture": "#7"},
				"west": {"uv": [2, 9.5, 2.5, 10], "texture": "#7"},
				"up": {"uv": [10, 6.5, 9, 6], "texture": "#7"},
				"down": {"uv": [2, 9.5, 1, 10], "texture": "#7"}
			}
		},
		{
			"from": [6.17345, -0.49458, 7.004],
			"to": [8.16545, 4.49742, 8.996],
			"rotation": {"angle": 22.5, "axis": "z", "origin": [7.16945, 2.00142, 7.998]},
			"faces": {
				"north": {"uv": [3, 6.5, 4, 9], "texture": "#7"},
				"east": {"uv": [4, 6.5, 5, 9], "texture": "#7"},
				"south": {"uv": [5, 6.5, 6, 9], "texture": "#7"},
				"west": {"uv": [6, 6.5, 7, 9], "texture": "#7"},
				"up": {"uv": [10, 6, 9, 5], "texture": "#7"},
				"down": {"uv": [7, 9, 6, 10], "texture": "#7"}
			}
		},
		{
			"from": [8.27729, 3.15502, 7.002],
			"to": [10.27329, 9.15102, 8.998],
			"rotation": {"angle": 22.5, "axis": "z", "origin": [9.27529, 6.15302, 7.999]},
			"faces": {
				"north": {"uv": [0, 6.5, 1, 9.5], "texture": "#7"},
				"east": {"uv": [6.5, 0, 7.5, 3], "texture": "#7"},
				"south": {"uv": [1, 6.5, 2, 9.5], "texture": "#7"},
				"west": {"uv": [2, 6.5, 3, 9.5], "texture": "#7"},
				"up": {"uv": [8, 10, 7, 9], "texture": "#7"},
				"down": {"uv": [10, 7, 9, 8], "texture": "#7"}
			}
		},
		{
			"from": [6.17375, 3.35466, 7.003],
			"to": [8.16775, 8.34866, 8.997],
			"rotation": {"angle": -22.5, "axis": "z", "origin": [7.17075, 5.85166, 7.998]},
			"faces": {
				"north": {"uv": [7, 4, 8, 6.5], "texture": "#7"},
				"east": {"uv": [7, 6.5, 8, 9], "texture": "#7"},
				"south": {"uv": [7.5, 0, 8.5, 2.5], "texture": "#7"},
				"west": {"uv": [8, 4, 9, 6.5], "texture": "#7"},
				"up": {"uv": [9, 10, 8, 9], "texture": "#7"},
				"down": {"uv": [10, 8, 9, 9], "texture": "#7"}
			}
		}
	],
	"gui_light": "front",
	"display": {
		"thirdperson_righthand": {
			"rotation": [0, 90, -90],
			"translation": [0, 3, -3.75]
		},
		"thirdperson_lefthand": {
			"rotation": [0, -90, 90],
			"translation": [0, 3, -3.75]
		},
		"firstperson_righthand": {
			"rotation": [64, 68, -162],
			"translation": [0.25, 3, 1.25],
			"scale": [0.5, 0.5, 0.5]
		},
		"firstperson_lefthand": {
			"rotation": [-70.4, -60.75, 23.61],
			"translation": [0.25, 3, 0.5],
			"scale": [0.5, 0.5, 0.5]
		},
		"ground": {
			"rotation": [-90, -45, 0],
			"translation": [0.5, -1, -1.75],
			"scale": [0.5, 0.5, 0.5]
		},
		"gui": {
			"rotation": [0, 0, -135],
			"translation": [0.25, -3.75, 0],
			"scale": [0.62, 0.62, 0.62]
		},
		"head": {
			"rotation": [-179.75, 0, 0],
			"translation": [-9, -9.25, 0]
		},
		"fixed": {
			"rotation": [180, 0, 45],
			"translation": [-0.25, -6, -1]
		}
	},
	"groups": [
		{
			"name": "sword reversecompositebow",
			"origin": [0, 0, 0],
			"color": 0,
			"children": [0, 1, 2, 3, 4, 5, 6, 7]
		}
	]
}