{
	"credit": "Made by Elo106",
	"texture_size": [64, 64],
	"textures": {
		"0": "item/voxelspawns/vs_sword_steel",
		"particle": "item/voxelspawns/vs_sword_steel"
	},
	"elements": [
		{
			"from": [10.52273, 2.89617, 7.499],
			"to": [16.52273, 4.89617, 8.499],
			"rotation": {"angle": 0, "axis": "y", "origin": [13.02273, 3.89617, 7.999]},
			"faces": {
				"north": {"uv": [3, 5, 6, 6], "texture": "#0"},
				"east": {"uv": [7, 9, 7.5, 10], "texture": "#0"},
				"south": {"uv": [0, 5, 3, 6], "texture": "#0"},
				"west": {"uv": [7.5, 9, 8, 10], "texture": "#0"},
				"up": {"uv": [10.5, 5.5, 7.5, 5], "texture": "#0"},
				"down": {"uv": [10.5, 5.5, 7.5, 6], "texture": "#0"}
			}
		},
		{
			"from": [15.52273, 2.39617, 6.999],
			"to": [18.52273, 5.39617, 8.999],
			"rotation": {"angle": 45, "axis": "z", "origin": [17.02273, 3.89617, 7.999]},
			"faces": {
				"north": {"uv": [4, 6, 5.5, 7.5], "texture": "#0"},
				"east": {"uv": [4, 7.5, 5, 9], "texture": "#0"},
				"south": {"uv": [6, 5, 7.5, 6.5], "texture": "#0"},
				"west": {"uv": [8, 0, 9, 1.5], "texture": "#0"},
				"up": {"uv": [9.5, 2.5, 8, 1.5], "texture": "#0"},
				"down": {"uv": [9.5, 2.5, 8, 3.5], "texture": "#0"}
			}
		},
		{
			"from": [8.52273, 0.89617, 6.999],
			"to": [10.52273, 6.89617, 8.999],
			"rotation": {"angle": 0, "axis": "y", "origin": [13.02273, 3.89617, 7.999]},
			"faces": {
				"north": {"uv": [0, 6, 1, 9], "texture": "#0"},
				"east": {"uv": [1, 6, 2, 9], "texture": "#0"},
				"south": {"uv": [2, 6, 3, 9], "texture": "#0"},
				"west": {"uv": [3, 6, 4, 9], "texture": "#0"},
				"up": {"uv": [9, 4.5, 8, 3.5], "texture": "#0"},
				"down": {"uv": [6, 8, 5, 9], "texture": "#0"}
			}
		},
		{
			"from": [7.4528, 6.28713, 7.001],
			"to": [9.4488, 8.28313, 8.997],
			"rotation": {"angle": 22.5, "axis": "z", "origin": [8.4508, 9.28513, 7.999]},
			"faces": {
				"north": {"uv": [6, 8, 7, 9], "texture": "#0"},
				"east": {"uv": [7, 8, 8, 9], "texture": "#0"},
				"south": {"uv": [8, 8, 9, 9], "texture": "#0"},
				"west": {"uv": [8.5, 6, 9.5, 7], "texture": "#0"},
				"up": {"uv": [9.5, 8, 8.5, 7], "texture": "#0"},
				"down": {"uv": [1, 9, 0, 10], "texture": "#0"}
			}
		},
		{
			"from": [7.4528, -0.49078, 7.001],
			"to": [9.4488, 1.50522, 8.997],
			"rotation": {"angle": -22.5, "axis": "z", "origin": [8.4508, -1.49278, 7.999]},
			"faces": {
				"north": {"uv": [9, 0, 10, 1], "texture": "#0"},
				"east": {"uv": [1, 9, 2, 10], "texture": "#0"},
				"south": {"uv": [2, 9, 3, 10], "texture": "#0"},
				"west": {"uv": [3, 9, 4, 10], "texture": "#0"},
				"up": {"uv": [10, 4.5, 9, 3.5], "texture": "#0"},
				"down": {"uv": [5, 9, 4, 10], "texture": "#0"}
			}
		},
		{
			"from": [-7.47727, 1.89617, 7.499],
			"to": [8.52273, 5.89617, 8.499],
			"rotation": {"angle": 0, "axis": "y", "origin": [10.02273, 3.89617, 7.999]},
			"faces": {
				"north": {"uv": [0, 0, 8, 2], "texture": "#0"},
				"east": {"uv": [5, 9, 5.5, 11], "texture": "#0"},
				"south": {"uv": [8, 0, 0, 2], "texture": "#0"},
				"west": {"uv": [5.5, 9, 6, 11], "texture": "#0"},
				"up": {"uv": [8, 4.5, 0, 4], "texture": "#0"},
				"down": {"uv": [8, 4.5, 0, 5], "texture": "#0"}
			}
		},
		{
			"from": [-9.47527, 2.24162, 7.501],
			"to": [-6.65114, 5.06575, 8.497],
			"rotation": {"angle": -45, "axis": "z", "origin": [-7.47727, 3.06775, 7.999]},
			"faces": {
				"north": {"uv": [5.5, 6.5, 7, 8], "texture": "#0"},
				"east": {"uv": [6, 9, 6.5, 10.5], "texture": "#0"},
				"south": {"uv": [7, 6.5, 5.5, 8], "texture": "#0"},
				"west": {"uv": [6.5, 9, 7, 10.5], "texture": "#0"},
				"up": {"uv": [9.5, 5, 8, 4.5], "texture": "#0"},
				"down": {"uv": [10.5, 1, 9, 1.5], "texture": "#0"}
			}
		}
	],
	"gui_light": "front",
	"display": {
		"thirdperson_righthand": {
			"rotation": [0, 90, -90],
			"translation": [0, 3, -3.75]
		},
		"thirdperson_lefthand": {
			"rotation": [0, -90, 90],
			"translation": [0, 3, -3.75]
		},
		"firstperson_righthand": {
			"rotation": [64, 68, -162],
			"translation": [0.25, 3.75, 1.25],
			"scale": [0.5, 0.5, 0.5]
		},
		"firstperson_lefthand": {
			"rotation": [-70.4, -60.75, 23.61],
			"translation": [0.25, 3.75, 0.5],
			"scale": [0.5, 0.5, 0.5]
		},
		"ground": {
			"rotation": [-90, -45, 0],
			"translation": [0.5, -1, -1.75],
			"scale": [0.5, 0.5, 0.5]
		},
		"gui": {
			"rotation": [0, 0, -135],
			"translation": [0.5, -3.75, 0],
			"scale": [0.75, 0.75, 0.75]
		},
		"head": {
			"rotation": [-179.75, 0, 0],
			"translation": [-9, -9.25, 0]
		},
		"fixed": {
			"rotation": [180, 0, 45],
			"translation": [-0.75, -5, -1]
		}
	},
	"groups": [
		{
			"name": "sword compositebow",
			"origin": [8, 8, 8],
			"color": 0,
			"children": [0, 1, 2, 3, 4, 5, 6]
		}
	]
}