{
	"credit": "Made by Elo106",
	"texture_size": [64, 64],
	"textures": {
		"3": "item/voxelspawns/vs_sword_asia"
	},
	"elements": [
		{
			"from": [9.52273, 2.85383, 6.999],
			"to": [19.52273, 4.85383, 8.999],
			"rotation": {"angle": 0, "axis": "y", "origin": [15.02273, 16.10383, 7.999]},
			"faces": {
				"north": {"uv": [0, 3, 5, 4], "texture": "#3"},
				"east": {"uv": [2, 6, 3, 7], "texture": "#3"},
				"south": {"uv": [0, 4, 5, 5], "texture": "#3"},
				"west": {"uv": [3, 7, 4, 6], "texture": "#3"},
				"up": {"uv": [5, 6, 0, 5], "texture": "#3"},
				"down": {"uv": [10, 3, 5, 4], "texture": "#3"}
			}
		},
		{
			"from": [8.52273, 1.89617, 5.999],
			"to": [9.52273, 5.89617, 9.999],
			"rotation": {"angle": 22.5, "axis": "x", "origin": [9.02273, 3.89617, 7.999]},
			"faces": {
				"north": {"uv": [3, 7, 2.5, 9], "rotation": 180, "texture": "#3"},
				"east": {"uv": [5, 5, 7, 7], "rotation": 270, "texture": "#3"},
				"south": {"uv": [2.5, 9, 2, 7], "texture": "#3"},
				"west": {"uv": [0, 6, 2, 8], "rotation": 90, "texture": "#3"},
				"up": {"uv": [4, 6, 4.5, 8], "rotation": 180, "texture": "#3"},
				"down": {"uv": [4.5, 6, 5, 8], "texture": "#3"}
			}
		},
		{
			"from": [-9.47727, 2.39617, 7.499],
			"to": [8.52273, 5.39617, 8.499],
			"rotation": {"angle": 0, "axis": "y", "origin": [13.52273, 3.89617, 7.999]},
			"faces": {
				"north": {"uv": [0, 0, 9, 1.5], "texture": "#3"},
				"east": {"uv": [7, 5, 7.5, 6.5], "texture": "#3"},
				"south": {"uv": [9, 0, 0, 1.5], "texture": "#3"},
				"west": {"uv": [6, 7, 6.5, 8.5], "texture": "#3"},
				"up": {"uv": [14, 4.5, 5, 4], "texture": "#3"},
				"down": {"uv": [14, 4.5, 5, 5], "texture": "#3"}
			}
		},
		{
			"from": [-11.27014, 2.40017, 7.503],
			"to": [-9.48127, 3.04842, 8.495],
			"rotation": {"angle": 0, "axis": "y", "origin": [13.52273, 3.89617, 7.999]},
			"faces": {
				"north": {"uv": [6.5, 7, 7.5, 7.5], "texture": "#3"},
				"east": {"uv": [4, 8, 4.5, 8.5], "texture": "#3"},
				"south": {"uv": [7, 6.5, 8, 7], "texture": "#3"},
				"west": {"uv": [4.5, 8, 5, 8.5], "texture": "#3"},
				"up": {"uv": [8.5, 5.5, 7.5, 5], "texture": "#3"},
				"down": {"uv": [8.5, 5.5, 7.5, 6], "texture": "#3"}
			}
		},
		{
			"from": [-10.68237, 2.48396, 7.501],
			"to": [-8.68637, 4.47996, 8.497],
			"rotation": {"angle": 45, "axis": "z", "origin": [-10.18437, 3.98196, 7.999]},
			"faces": {
				"north": {"uv": [3, 7, 4, 8], "texture": "#3"},
				"east": {"uv": [6.5, 7.5, 7, 8.5], "texture": "#3"},
				"south": {"uv": [5, 7, 6, 8], "texture": "#3"},
				"west": {"uv": [7, 7.5, 7.5, 8.5], "texture": "#3"},
				"up": {"uv": [8.5, 6.5, 7.5, 6], "texture": "#3"},
				"down": {"uv": [8.5, 7, 7.5, 7.5], "texture": "#3"}
			}
		},
		{
			"from": [-11.50057, 2.9078, 7.502],
			"to": [-10.00657, 3.9018, 8.496],
			"rotation": {"angle": -22.5, "axis": "z", "origin": [-11.00357, 2.4048, 7.999]},
			"faces": {
				"north": {"uv": [7.5, 7.5, 8.5, 8], "texture": "#3"},
				"east": {"uv": [5, 8, 5.5, 8.5], "texture": "#3"},
				"south": {"uv": [0, 8, 1, 8.5], "texture": "#3"},
				"west": {"uv": [5.5, 8, 6, 8.5], "texture": "#3"},
				"up": {"uv": [2, 8.5, 1, 8], "texture": "#3"},
				"down": {"uv": [4, 8, 3, 8.5], "texture": "#3"}
			}
		}
	],
	"gui_light": "front",
	"display": {
		"thirdperson_righthand": {
			"rotation": [0, 90, -90],
			"translation": [0, 3, -3.75]
		},
		"thirdperson_lefthand": {
			"rotation": [0, -90, 90],
			"translation": [0, 3, -3.75]
		},
		"firstperson_righthand": {
			"rotation": [64, 68, -162],
			"translation": [0.25, 3, 1.25],
			"scale": [0.5, 0.5, 0.5]
		},
		"firstperson_lefthand": {
			"rotation": [-70.4, -60.75, 23.61],
			"translation": [0.25, 3, 0.5],
			"scale": [0.5, 0.5, 0.5]
		},
		"ground": {
			"rotation": [-90, -45, 0],
			"translation": [0.5, -1, -1.75],
			"scale": [0.5, 0.5, 0.5]
		},
		"gui": {
			"rotation": [0, 0, -135],
			"translation": [0, -3.75, 0],
			"scale": [0.65, 0.65, 0.65]
		},
		"head": {
			"rotation": [-179.75, 0, 0],
			"translation": [-9, -9.25, 0]
		},
		"fixed": {
			"rotation": [180, 0, 45],
			"translation": [0, -5.75, -1]
		}
	},
	"groups": [
		{
			"name": "sword exoticbow2",
			"origin": [8, 8, 8],
			"color": 0,
			"children": [0, 1, 2, 3, 4, 5]
		}
	]
}