{
	"credit": "Made by Elo106",
	"texture_size": [64, 64],
	"textures": {
		"5": "item/voxelspawns/vs_sword_golden"
	},
	"elements": [
		{
			"from": [9.499, 2.999, 6.999],
			"to": [16.501, 5.001, 9.001],
			"rotation": {"angle": 0, "axis": "y", "origin": [6, -6, -1]},
			"faces": {
				"north": {"uv": [4, 3, 5.75, 3.5], "texture": "#5"},
				"east": {"uv": [2.25, 6.25, 2.75, 6.75], "texture": "#5"},
				"south": {"uv": [1.25, 4.25, 3, 4.75], "texture": "#5"},
				"west": {"uv": [1.25, 7.25, 1.75, 7.75], "texture": "#5"},
				"up": {"uv": [4.75, 4.75, 3, 4.25], "texture": "#5"},
				"down": {"uv": [3, 4.75, 1.25, 5.25], "texture": "#5"}
			}
		},
		{
			"from": [18.60346, 5.77615, 5.999],
			"to": [21.60346, 7.77615, 9.999],
			"rotation": {"angle": 22.5, "axis": "z", "origin": [19.60346, 5.77615, 7.999]},
			"faces": {
				"north": {"uv": [3.25, 6.75, 4, 7.25], "texture": "#5"},
				"east": {"uv": [5.5, 2, 6.5, 2.5], "texture": "#5"},
				"south": {"uv": [4, 6.75, 4.75, 7.25], "texture": "#5"},
				"west": {"uv": [5.75, 3, 6.75, 3.5], "texture": "#5"},
				"up": {"uv": [3.75, 5.75, 3, 4.75], "texture": "#5"},
				"down": {"uv": [4.5, 4.75, 3.75, 5.75], "texture": "#5"}
			}
		},
		{
			"from": [15.35455, 3.76735, 7],
			"to": [19.35255, 5.76535, 8.998],
			"rotation": {"angle": 45, "axis": "z", "origin": [16.85355, 4.76635, 7.999]},
			"faces": {
				"north": {"uv": [3.25, 5.75, 4.25, 6.25], "texture": "#5"},
				"east": {"uv": [1.75, 7.25, 2.25, 7.75], "texture": "#5"},
				"south": {"uv": [4.25, 5.75, 5.25, 6.25], "texture": "#5"},
				"west": {"uv": [7.25, 3.75, 7.75, 4.25], "texture": "#5"},
				"up": {"uv": [6.75, 6, 5.75, 5.5], "texture": "#5"},
				"down": {"uv": [7, 0, 6, 0.5], "texture": "#5"}
			}
		},
		{
			"from": [-6.40478, 2.27827, 7.5],
			"to": [5.59522, 7.27827, 8.5],
			"rotation": {"angle": 22.5, "axis": "z", "origin": [-1.90478, 5.27827, 8]},
			"faces": {
				"north": {"uv": [0, 0, 3, 1.25], "texture": "#5"},
				"east": {"uv": [5.5, 6.75, 5.75, 8], "texture": "#5"},
				"south": {"uv": [3, 0, 0, 1.25], "texture": "#5"},
				"west": {"uv": [0.75, 7, 1, 8.25], "texture": "#5"},
				"up": {"uv": [7, 3.75, 4, 3.5], "texture": "#5"},
				"down": {"uv": [7.75, 4.25, 4.75, 4.5], "texture": "#5"}
			}
		},
		{
			"from": [-11.30048, -3.10445, 7.502],
			"to": [-3.30448, 1.89155, 8.498],
			"rotation": {"angle": 45, "axis": "z", "origin": [-9.30248, -0.60645, 8]},
			"faces": {
				"north": {"uv": [0, 2.5, 2, 3.75], "texture": "#5"},
				"east": {"uv": [3, 7, 3.25, 8.25], "texture": "#5"},
				"south": {"uv": [0, 2.5, 2, 3.75], "texture": "#5"},
				"west": {"uv": [7, 6, 7.25, 7.25], "texture": "#5"},
				"up": {"uv": [8, 0.75, 6, 0.5], "texture": "#5"},
				"down": {"uv": [8, 0.75, 6, 1], "texture": "#5"}
			}
		},
		{
			"from": [-14.20149, -8.90113, 7.504],
			"to": [-9.20949, -0.90913, 8.496],
			"rotation": {"angle": -22.5, "axis": "z", "origin": [-11.70549, -4.90513, 8]},
			"faces": {
				"north": {"uv": [3, 0, 4.25, 2], "texture": "#5"},
				"east": {"uv": [1, 5.75, 1.25, 7.75], "texture": "#5"},
				"south": {"uv": [4.25, 0, 3, 2], "texture": "#5"},
				"west": {"uv": [5.75, 6, 6, 8], "texture": "#5"},
				"up": {"uv": [8.25, 3.75, 7, 3.5], "texture": "#5"},
				"down": {"uv": [4.5, 7.25, 3.25, 7.5], "texture": "#5"}
			}
		},
		{
			"from": [4.39654, 7.22243, 6],
			"to": [8.39654, 9.22243, 10],
			"rotation": {"angle": 22.5, "axis": "z", "origin": [6.39654, 2.22243, 8]},
			"faces": {
				"north": {"uv": [6, 1, 7, 1.5], "texture": "#5"},
				"east": {"uv": [6, 1.5, 7, 2], "texture": "#5"},
				"south": {"uv": [6, 4.5, 7, 5], "texture": "#5"},
				"west": {"uv": [6, 5, 7, 5.5], "texture": "#5"},
				"up": {"uv": [5.25, 1, 4.25, 0], "texture": "#5"},
				"down": {"uv": [5.25, 1, 4.25, 2], "texture": "#5"}
			}
		},
		{
			"from": [5.39554, 2.22143, 6.999],
			"to": [7.39754, 7.22343, 9.001],
			"rotation": {"angle": 22.5, "axis": "z", "origin": [6.39654, 2.22243, 8]},
			"faces": {
				"north": {"uv": [5.25, 5.5, 5.75, 6.75], "texture": "#5"},
				"east": {"uv": [0, 5.75, 0.5, 7], "texture": "#5"},
				"south": {"uv": [0.5, 5.75, 1, 7], "texture": "#5"},
				"west": {"uv": [2.75, 5.75, 3.25, 7], "texture": "#5"},
				"up": {"uv": [5, 7.75, 4.5, 7.25], "texture": "#5"},
				"down": {"uv": [5.5, 7.25, 5, 7.75], "texture": "#5"}
			}
		},
		{
			"from": [4.39654, 0.22243, 6],
			"to": [7.39654, 2.22243, 10],
			"rotation": {"angle": 22.5, "axis": "z", "origin": [6.39654, 2.22243, 8]},
			"faces": {
				"north": {"uv": [4.75, 6.75, 5.5, 7.25], "texture": "#5"},
				"east": {"uv": [6, 6, 7, 6.5], "texture": "#5"},
				"south": {"uv": [6.75, 5.5, 7.5, 6], "texture": "#5"},
				"west": {"uv": [1.25, 6.25, 2.25, 6.75], "texture": "#5"},
				"up": {"uv": [5.25, 5.75, 4.5, 4.75], "texture": "#5"},
				"down": {"uv": [6, 0, 5.25, 1], "texture": "#5"}
			}
		},
		{
			"from": [-3.60546, 0.22043, 5.998],
			"to": [-0.60146, 2.22443, 10.002],
			"rotation": {"angle": 22.5, "axis": "z", "origin": [6.39654, 2.22243, 8]},
			"faces": {
				"north": {"uv": [0, 7, 0.75, 7.5], "texture": "#5"},
				"east": {"uv": [3.25, 6.25, 4.25, 6.75], "texture": "#5"},
				"south": {"uv": [7, 0, 7.75, 0.5], "texture": "#5"},
				"west": {"uv": [6.25, 3.75, 7.25, 4.25], "texture": "#5"},
				"up": {"uv": [6, 2, 5.25, 1], "texture": "#5"},
				"down": {"uv": [2, 5.25, 1.25, 6.25], "texture": "#5"}
			}
		},
		{
			"from": [6.64745, 2.23323, 7.001],
			"to": [10.64545, 4.23123, 8.999],
			"rotation": {"angle": 45, "axis": "z", "origin": [9.14645, 3.23223, 8]},
			"faces": {
				"north": {"uv": [4.25, 6.25, 5.25, 6.75], "texture": "#5"},
				"east": {"uv": [7.25, 6, 7.75, 6.5], "texture": "#5"},
				"south": {"uv": [6.5, 2, 7.5, 2.5], "texture": "#5"},
				"west": {"uv": [7.25, 6.5, 7.75, 7], "texture": "#5"},
				"up": {"uv": [7.5, 3, 6.5, 2.5], "texture": "#5"},
				"down": {"uv": [7, 6.5, 6, 7], "texture": "#5"}
			}
		},
		{
			"from": [-5.56201, 2.02009, 6.999],
			"to": [4.43799, 4.02009, 8.999],
			"rotation": {"angle": 22.5, "axis": "z", "origin": [10.93799, 3.02009, 6.999]},
			"faces": {
				"north": {"uv": [3, 2, 5.5, 2.5], "texture": "#5"},
				"east": {"uv": [6.75, 7.25, 7.25, 7.75], "texture": "#5"},
				"south": {"uv": [1.25, 3.75, 3.75, 4.25], "texture": "#5"},
				"west": {"uv": [7.25, 7, 7.75, 7.5], "texture": "#5"},
				"up": {"uv": [6.25, 4.25, 3.75, 3.75], "texture": "#5"},
				"down": {"uv": [6.5, 2.5, 4, 3], "texture": "#5"}
			}
		},
		{
			"from": [-9.92265, -4.21753, 6],
			"to": [-6.92265, -2.21753, 10],
			"rotation": {"angle": 0, "axis": "y", "origin": [7.07735, 2.78247, 8]},
			"faces": {
				"north": {"uv": [7, 1, 7.75, 1.5], "texture": "#5"},
				"east": {"uv": [1.25, 6.75, 2.25, 7.25], "texture": "#5"},
				"south": {"uv": [7, 1.5, 7.75, 2], "texture": "#5"},
				"west": {"uv": [6.75, 3, 7.75, 3.5], "texture": "#5"},
				"up": {"uv": [2.75, 6.25, 2, 5.25], "texture": "#5"},
				"down": {"uv": [6, 4.5, 5.25, 5.5], "texture": "#5"}
			}
		},
		{
			"from": [-6.92265, -4.21753, 7],
			"to": [-3.92465, -2.21953, 8.998],
			"rotation": {"angle": 0, "axis": "y", "origin": [-10.92365, -4.21853, 5.999]},
			"faces": {
				"north": {"uv": [2.25, 7, 3, 7.5], "texture": "#5"},
				"east": {"uv": [0, 7.5, 0.5, 8], "texture": "#5"},
				"south": {"uv": [7, 4.5, 7.75, 5], "texture": "#5"},
				"west": {"uv": [7.5, 2, 8, 2.5], "texture": "#5"},
				"up": {"uv": [7.75, 5.5, 7, 5], "texture": "#5"},
				"down": {"uv": [6.75, 7, 6, 7.5], "texture": "#5"}
			}
		}
	],
	"gui_light": "front",
	"display": {
		"thirdperson_righthand": {
			"rotation": [0, 90, -90],
			"translation": [0, 3, -3.75]
		},
		"thirdperson_lefthand": {
			"rotation": [0, -90, 90],
			"translation": [0, 3, -3.75]
		},
		"firstperson_righthand": {
			"rotation": [32, 65, -180],
			"translation": [1, 1, 1.25],
			"scale": [0.5, 0.5, 0.5]
		},
		"firstperson_lefthand": {
			"rotation": [36, -109, -180],
			"translation": [1, 1, 1.25],
			"scale": [0.5, 0.5, 0.5]
		},
		"ground": {
			"rotation": [-90, -66, 0],
			"translation": [0.5, 2, -1.75],
			"scale": [0.5, 0.5, 0.5]
		},
		"gui": {
			"rotation": [0, 0, -155],
			"translation": [-0.75, -5, 0],
			"scale": [0.55, 0.55, 0.55]
		},
		"head": {
			"rotation": [-179.75, 0, 0],
			"translation": [-9, -9.25, 0]
		},
		"fixed": {
			"rotation": [180, 0, 22.5],
			"translation": [0.5, -7.75, -1]
		}
	},
	"groups": [
		{
			"name": "sword tinker exoticbow1",
			"origin": [0, 0, 0],
			"color": 0,
			"children": [0, 1, 2, 3, 4, 5, 6, 7, 8, 9, 10, 11, 12, 13]
		}
	]
}