{
	"credit": "Made by Elo106",
	"texture_size": [64, 64],
	"textures": {
		"1": "item/voxelspawns/vs_sword_long"
	},
	"elements": [
		{
			"from": [10.52273, 2.89617, 7.499],
			"to": [16.52273, 4.89617, 8.499],
			"rotation": {"angle": 0, "axis": "y", "origin": [13.02273, 55.89617, 7.999]},
			"faces": {
				"north": {"uv": [6, 5, 3, 6], "texture": "#1"},
				"east": {"uv": [8, 4, 8.5, 5], "texture": "#1"},
				"south": {"uv": [3, 5, 0, 6], "texture": "#1"},
				"west": {"uv": [6.5, 8, 7, 9], "texture": "#1"},
				"up": {"uv": [9.5, 3.5, 6.5, 3], "texture": "#1"},
				"down": {"uv": [9.5, 3.5, 6.5, 4], "texture": "#1"}
			}
		},
		{
			"from": [15.52273, 2.39617, 6.999],
			"to": [18.52273, 5.39617, 8.999],
			"rotation": {"angle": 0, "axis": "y", "origin": [17.02273, 3.89617, 7.999]},
			"faces": {
				"north": {"uv": [4, 6, 5.5, 7.5], "texture": "#1"},
				"east": {"uv": [5.5, 6.5, 6.5, 8], "texture": "#1"},
				"south": {"uv": [6, 5, 7.5, 6.5], "texture": "#1"},
				"west": {"uv": [6.5, 6.5, 7.5, 8], "texture": "#1"},
				"up": {"uv": [8, 5, 6.5, 4], "texture": "#1"},
				"down": {"uv": [5.5, 7.5, 4, 8.5], "texture": "#1"}
			}
		},
		{
			"from": [8.52273, 0.89617, 6.999],
			"to": [10.52273, 6.89617, 8.999],
			"rotation": {"angle": 0, "axis": "y", "origin": [13.02273, 3.89617, 7.999]},
			"faces": {
				"north": {"uv": [0, 6, 1, 9], "texture": "#1"},
				"east": {"uv": [1, 6, 2, 9], "texture": "#1"},
				"south": {"uv": [2, 6, 3, 9], "texture": "#1"},
				"west": {"uv": [3, 6, 4, 9], "texture": "#1"},
				"up": {"uv": [8.5, 6, 7.5, 5], "texture": "#1"},
				"down": {"uv": [8.5, 6, 7.5, 7], "texture": "#1"}
			}
		},
		{
			"from": [-4.47727, 1.89617, 7.499],
			"to": [8.52273, 5.89617, 8.499],
			"rotation": {"angle": 0, "axis": "y", "origin": [13.02273, 3.89617, 7.999]},
			"faces": {
				"north": {"uv": [0, 0, 6.5, 2], "texture": "#1"},
				"east": {"uv": [7.5, 7, 8, 9], "texture": "#1"},
				"south": {"uv": [6.5, 0, 0, 2], "texture": "#1"},
				"west": {"uv": [8, 0, 8.5, 2], "texture": "#1"},
				"up": {"uv": [6.5, 4.5, 0, 4], "texture": "#1"},
				"down": {"uv": [6.5, 4.5, 0, 5], "texture": "#1"}
			}
		},
		{
			"from": [-6.47527, 2.24162, 7.501],
			"to": [-3.65114, 5.06575, 8.497],
			"rotation": {"angle": -45, "axis": "z", "origin": [-4.47727, 3.06775, 7.999]},
			"faces": {
				"north": {"uv": [6.5, 0, 8, 1.5], "texture": "#1"},
				"east": {"uv": [5.5, 8, 6, 9.5], "texture": "#1"},
				"south": {"uv": [8, 0, 6.5, 1.5], "texture": "#1"},
				"west": {"uv": [6, 8, 6.5, 9.5], "texture": "#1"},
				"up": {"uv": [9.5, 2.5, 8, 2], "texture": "#1"},
				"down": {"uv": [9.5, 2.5, 8, 3], "texture": "#1"}
			}
		}
	],
	"gui_light": "front",
	"display": {
		"thirdperson_righthand": {
			"rotation": [0, 90, -90],
			"translation": [0, 3, -3.75]
		},
		"thirdperson_lefthand": {
			"rotation": [0, -90, 90],
			"translation": [0, 3, -3.75]
		},
		"firstperson_righthand": {
			"rotation": [64, 68, -162],
			"translation": [0.25, 3.75, 1.25],
			"scale": [0.5, 0.5, 0.5]
		},
		"firstperson_lefthand": {
			"rotation": [-70.4, -60.75, 23.61],
			"translation": [0.25, 3.75, 0.5],
			"scale": [0.5, 0.5, 0.5]
		},
		"ground": {
			"rotation": [-90, -45, 0],
			"translation": [0.5, -1, -1.75],
			"scale": [0.5, 0.5, 0.5]
		},
		"gui": {
			"rotation": [0, 0, -135],
			"translation": [1.75, -2.75, 0],
			"scale": [0.75, 0.75, 0.75]
		},
		"head": {
			"rotation": [-179.75, 0, 0],
			"translation": [-9, -9.25, 0]
		},
		"fixed": {
			"rotation": [180, 0, 45],
			"translation": [-2, -3.75, -1]
		}
	},
	"groups": [
		{
			"name": "sword bow",
			"origin": [8, 8, 8],
			"color": 0,
			"children": [0, 1, 2, 3, 4]
		}
	]
}