{
  "parent": "minecraft:item/handheld",
  "textures": {
    "layer0": "minecraft:item/netherite_sword"
	},
	"overrides": [
		{ "predicate": { "custom_model_data": 1}, "model": "item/voxelspawns/vs_sword_steel" },
		{ "predicate": { "custom_model_data": 2}, "model": "item/voxelspawns/vs_sword_long" },
		{ "predicate": { "custom_model_data": 3}, "model": "item/voxelspawns/vs_sword_asia" },
		{ "predicate": { "custom_model_data": 4}, "model": "item/voxelspawns/vs_sword_elven" },
		{ "predicate": { "custom_model_data": 5}, "model": "item/voxelspawns/vs_sword_prismarine" },
		{ "predicate": { "custom_model_data": 6}, "model": "item/voxelspawns/vs_sword_frost" },
		{ "predicate": { "custom_model_data": 7}, "model": "item/voxelspawns/vs_sword_golden" },
		{ "predicate": { "custom_model_data": 8}, "model": "item/voxelspawns/vs_sword_magic" }
	]
}
